cell_id,lat_idx,lon_idx,lat_center,lon_center,state_abbr,source_uri,ssp2-4.5_baseline_available,ssp2-4.5_future_nonnull_count,ssp5-8.5_baseline_available,ssp5-8.5_future_nonnull_count
237163,164,1003,49.0,-109.25,MT,gs://infrasure-scr-data/onshore_wind/physical_risk/CONUS13K_Cell_237163_MT_WEIM_OnshoreWind_physical_risks.xlsx,False,0,False,0
237220,164,1060,49.0,-95.0,MN,gs://infrasure-scr-data/onshore_wind/physical_risk/CONUS13K_Cell_237220_MN_MISO_OnshoreWind_physical_risks.xlsx,False,0,False,0
237221,164,1061,49.0,-94.75,MN,gs://infrasure-scr-data/onshore_wind/physical_risk/CONUS13K_Cell_237221_MN_MISO_OnshoreWind_physical_risks.xlsx,False,0,False,0
238591,165,991,48.75,-112.25,MT,gs://infrasure-scr-data/onshore_wind/physical_risk/CONUS13K_Cell_238591_MT_WEIM_OnshoreWind_physical_risks.xlsx,False,0,False,0
238594,165,994,48.75,-111.5,MT,gs://infrasure-scr-data/onshore_wind/physical_risk/CONUS13K_Cell_238594_MT_WEIM_OnshoreWind_physical_risks.xlsx,False,0,False,0
238597,165,997,48.75,-110.75,MT,gs://infrasure-scr-data/onshore_wind/physical_risk/CONUS13K_Cell_238597_MT_WEIM_OnshoreWind_physical_risks.xlsx,False,0,False,0
238598,165,998,48.75,-110.5,MT,gs://infrasure-scr-data/onshore_wind/physical_risk/CONUS13K_Cell_238598_MT_WEIM_OnshoreWind_physical_risks.xlsx,False,0,False,0
238599,165,999,48.75,-110.25,MT,gs://infrasure-scr-data/onshore_wind/physical_risk/CONUS13K_Cell_238599_MT_WEIM_OnshoreWind_physical_risks.xlsx,False,0,False,0
238600,165,1000,48.75,-110.0,MT,gs://infrasure-scr-data/onshore_wind/physical_risk/CONUS13K_Cell_238600_MT_WEIM_OnshoreWind_physical_risks.xlsx,False,0,False,0
238601,165,1001,48.75,-109.75,MT,gs://infrasure-scr-data/onshore_wind/physical_risk/CONUS13K_Cell_238601_MT_WEIM_OnshoreWind_physical_risks.xlsx,False,0,False,0
238613,165,1013,48.75,-106.75,MT,gs://infrasure-scr-data/onshore_wind/physical_risk/CONUS13K_Cell_238613_MT_WEIM_OnshoreWind_physical_risks.xlsx,False,0,False,0
238614,165,1014,48.75,-106.5,MT,gs://infrasure-scr-data/onshore_wind/physical_risk/CONUS13K_Cell_238614_MT_WEIM_OnshoreWind_physical_risks.xlsx,False,0,False,0
238617,165,1017,48.75,-105.75,MT,gs://infrasure-scr-data/onshore_wind/physical_risk/CONUS13K_Cell_238617_MT_WEIM_OnshoreWind_physical_risks.xlsx,False,0,False,0
238618,165,1018,48.75,-105.5,MT,gs://infrasure-scr-data/onshore_wind/physical_risk/CONUS13K_Cell_238618_MT_WEIM_OnshoreWind_physical_risks.xlsx,False,0,False,0
238620,165,1020,48.75,-105.0,MT,gs://infrasure-scr-data/onshore_wind/physical_risk/CONUS13K_Cell_238620_MT_WEIM_OnshoreWind_physical_risks.xlsx,False,0,False,0
238623,165,1023,48.75,-104.25,MT,gs://infrasure-scr-data/onshore_wind/physical_risk/CONUS13K_Cell_238623_MT_WEIM_OnshoreWind_physical_risks.xlsx,False,0,False,0
240032,166,992,48.5,-112.0,MT,gs://infrasure-scr-data/onshore_wind/physical_risk/CONUS13K_Cell_240032_MT_WEIM_OnshoreWind_physical_risks.xlsx,False,0,False,0
240033,166,993,48.5,-111.75,MT,gs://infrasure-scr-data/onshore_wind/physical_risk/CONUS13K_Cell_240033_MT_WEIM_OnshoreWind_physical_risks.xlsx,False,0,False,0
240034,166,994,48.5,-111.5,MT,gs://infrasure-scr-data/onshore_wind/physical_risk/CONUS13K_Cell_240034_MT_WEIM_OnshoreWind_physical_risks.xlsx,False,0,False,0
240035,166,995,48.5,-111.25,MT,gs://infrasure-scr-data/onshore_wind/physical_risk/CONUS13K_Cell_240035_MT_WEIM_OnshoreWind_physical_risks.xlsx,False,0,False,0
240036,166,996,48.5,-111.0,MT,gs://infrasure-scr-data/onshore_wind/physical_risk/CONUS13K_Cell_240036_MT_WEIM_OnshoreWind_physical_risks.xlsx,False,0,False,0
240037,166,997,48.5,-110.75,MT,gs://infrasure-scr-data/onshore_wind/physical_risk/CONUS13K_Cell_240037_MT_WEIM_OnshoreWind_physical_risks.xlsx,False,0,False,0
240038,166,998,48.5,-110.5,MT,gs://infrasure-scr-data/onshore_wind/physical_risk/CONUS13K_Cell_240038_MT_WEIM_OnshoreWind_physical_risks.xlsx,False,0,False,0
240039,166,999,48.5,-110.25,MT,gs://infrasure-scr-data/onshore_wind/physical_risk/CONUS13K_Cell_240039_MT_WEIM_OnshoreWind_physical_risks.xlsx,False,0,False,0
240040,166,1000,48.5,-110.0,MT,gs://infrasure-scr-data/onshore_wind/physical_risk/CONUS13K_Cell_240040_MT_WEIM_OnshoreWind_physical_risks.xlsx,False,0,False,0
240043,166,1003,48.5,-109.25,MT,gs://infrasure-scr-data/onshore_wind/physical_risk/CONUS13K_Cell_240043_MT_WEIM_OnshoreWind_physical_risks.xlsx,False,0,False,0
240044,166,1004,48.5,-109.0,MT,gs://infrasure-scr-data/onshore_wind/physical_risk/CONUS13K_Cell_240044_MT_WEIM_OnshoreWind_physical_risks.xlsx,False,0,False,0
240053,166,1013,48.5,-106.75,MT,gs://infrasure-scr-data/onshore_wind/physical_risk/CONUS13K_Cell_240053_MT_WEIM_OnshoreWind_physical_risks.xlsx,False,0,False,0
240057,166,1017,48.5,-105.75,MT,gs://infrasure-scr-data/onshore_wind/physical_risk/CONUS13K_Cell_240057_MT_WEIM_OnshoreWind_physical_risks.xlsx,False,0,False,0
240059,166,1019,48.5,-105.25,MT,gs://infrasure-scr-data/onshore_wind/physical_risk/CONUS13K_Cell_240059_MT_WEIM_OnshoreWind_physical_risks.xlsx,False,0,False,0
241474,167,994,48.25,-111.5,MT,gs://infrasure-scr-data/onshore_wind/physical_risk/CONUS13K_Cell_241474_MT_WEIM_OnshoreWind_physical_risks.xlsx,False,0,False,0
241475,167,995,48.25,-111.25,MT,gs://infrasure-scr-data/onshore_wind/physical_risk/CONUS13K_Cell_241475_MT_WEIM_OnshoreWind_physical_risks.xlsx,False,0,False,0
241479,167,999,48.25,-110.25,MT,gs://infrasure-scr-data/onshore_wind/physical_risk/CONUS13K_Cell_241479_MT_WEIM_OnshoreWind_physical_risks.xlsx,False,0,False,0
241494,167,1014,48.25,-106.5,MT,gs://infrasure-scr-data/onshore_wind/physical_risk/CONUS13K_Cell_241494_MT_WEIM_OnshoreWind_physical_risks.xlsx,False,0,False,0
241495,167,1015,48.25,-106.25,MT,gs://infrasure-scr-data/onshore_wind/physical_risk/CONUS13K_Cell_241495_MT_WEIM_OnshoreWind_physical_risks.xlsx,False,0,False,0
241497,167,1017,48.25,-105.75,MT,gs://infrasure-scr-data/onshore_wind/physical_risk/CONUS13K_Cell_241497_MT_WEIM_OnshoreWind_physical_risks.xlsx,False,0,False,0
241498,167,1018,48.25,-105.5,MT,gs://infrasure-scr-data/onshore_wind/physical_risk/CONUS13K_Cell_241498_MT_WEIM_OnshoreWind_physical_risks.xlsx,False,0,False,0
241499,167,1019,48.25,-105.25,MT,gs://infrasure-scr-data/onshore_wind/physical_risk/CONUS13K_Cell_241499_MT_WEIM_OnshoreWind_physical_risks.xlsx,False,0,False,0
241500,167,1020,48.25,-105.0,MT,gs://infrasure-scr-data/onshore_wind/physical_risk/CONUS13K_Cell_241500_MT_WEIM_OnshoreWind_physical_risks.xlsx,False,0,False,0
241505,167,1025,48.25,-103.75,ND,gs://infrasure-scr-data/onshore_wind/physical_risk/CONUS13K_Cell_241505_ND_MISO_OnshoreWind_physical_risks.xlsx,False,0,False,0
242913,168,993,48.0,-111.75,MT,gs://infrasure-scr-data/onshore_wind/physical_risk/CONUS13K_Cell_242913_MT_WEIM_OnshoreWind_physical_risks.xlsx,False,0,False,0
242915,168,995,48.0,-111.25,MT,gs://infrasure-scr-data/onshore_wind/physical_risk/CONUS13K_Cell_242915_MT_WEIM_OnshoreWind_physical_risks.xlsx,False,0,False,0
242916,168,996,48.0,-111.0,MT,gs://infrasure-scr-data/onshore_wind/physical_risk/CONUS13K_Cell_242916_MT_WEIM_OnshoreWind_physical_risks.xlsx,False,0,False,0
242933,168,1013,48.0,-106.75,MT,gs://infrasure-scr-data/onshore_wind/physical_risk/CONUS13K_Cell_242933_MT_WEIM_OnshoreWind_physical_risks.xlsx,False,0,False,0
242937,168,1017,48.0,-105.75,MT,gs://infrasure-scr-data/onshore_wind/physical_risk/CONUS13K_Cell_242937_MT_WEIM_OnshoreWind_physical_risks.xlsx,False,0,False,0
242941,168,1021,48.0,-104.75,MT,gs://infrasure-scr-data/onshore_wind/physical_risk/CONUS13K_Cell_242941_MT_WEIM_OnshoreWind_physical_risks.xlsx,False,0,False,0
242945,168,1025,48.0,-103.75,ND,gs://infrasure-scr-data/onshore_wind/physical_risk/CONUS13K_Cell_242945_ND_MISO_OnshoreWind_physical_risks.xlsx,False,0,False,0
242947,168,1027,48.0,-103.25,ND,gs://infrasure-scr-data/onshore_wind/physical_risk/CONUS13K_Cell_242947_ND_MISO_OnshoreWind_physical_risks.xlsx,False,0,False,0
242980,168,1060,48.0,-95.0,MN,gs://infrasure-scr-data/onshore_wind/physical_risk/CONUS13K_Cell_242980_MN_MISO_OnshoreWind_physical_risks.xlsx,False,0,False,0
244352,169,992,47.75,-112.0,MT,gs://infrasure-scr-data/onshore_wind/physical_risk/CONUS13K_Cell_244352_MT_WEIM_OnshoreWind_physical_risks.xlsx,False,0,False,0
244353,169,993,47.75,-111.75,MT,gs://infrasure-scr-data/onshore_wind/physical_risk/CONUS13K_Cell_244353_MT_WEIM_OnshoreWind_physical_risks.xlsx,False,0,False,0
244354,169,994,47.75,-111.5,MT,gs://infrasure-scr-data/onshore_wind/physical_risk/CONUS13K_Cell_244354_MT_WEIM_OnshoreWind_physical_risks.xlsx,False,0,False,0
244356,169,996,47.75,-111.0,MT,gs://infrasure-scr-data/onshore_wind/physical_risk/CONUS13K_Cell_244356_MT_WEIM_OnshoreWind_physical_risks.xlsx,False,0,False,0
244359,169,999,47.75,-110.25,MT,gs://infrasure-scr-data/onshore_wind/physical_risk/CONUS13K_Cell_244359_MT_WEIM_OnshoreWind_physical_risks.xlsx,False,0,False,0
244360,169,1000,47.75,-110.0,MT,gs://infrasure-scr-data/onshore_wind/physical_risk/CONUS13K_Cell_244360_MT_WEIM_OnshoreWind_physical_risks.xlsx,False,0,False,0
244374,169,1014,47.75,-106.5,MT,gs://infrasure-scr-data/onshore_wind/physical_risk/CONUS13K_Cell_244374_MT_WEIM_OnshoreWind_physical_risks.xlsx,False,0,False,0
244375,169,1015,47.75,-106.25,MT,gs://infrasure-scr-data/onshore_wind/physical_risk/CONUS13K_Cell_244375_MT_WEIM_OnshoreWind_physical_risks.xlsx,False,0,False,0
244376,169,1016,47.75,-106.0,MT,gs://infrasure-scr-data/onshore_wind/physical_risk/CONUS13K_Cell_244376_MT_WEIM_OnshoreWind_physical_risks.xlsx,False,0,False,0
244378,169,1018,47.75,-105.5,MT,gs://infrasure-scr-data/onshore_wind/physical_risk/CONUS13K_Cell_244378_MT_WEIM_OnshoreWind_physical_risks.xlsx,False,0,False,0
244380,169,1020,47.75,-105.0,MT,gs://infrasure-scr-data/onshore_wind/physical_risk/CONUS13K_Cell_244380_MT_WEIM_OnshoreWind_physical_risks.xlsx,False,0,False,0
244385,169,1025,47.75,-103.75,ND,gs://infrasure-scr-data/onshore_wind/physical_risk/CONUS13K_Cell_244385_ND_MISO_OnshoreWind_physical_risks.xlsx,False,0,False,0
245796,170,996,47.5,-111.0,MT,gs://infrasure-scr-data/onshore_wind/physical_risk/CONUS13K_Cell_245796_MT_WEIM_OnshoreWind_physical_risks.xlsx,False,0,False,0
245814,170,1014,47.5,-106.5,MT,gs://infrasure-scr-data/onshore_wind/physical_risk/CONUS13K_Cell_245814_MT_WEIM_OnshoreWind_physical_risks.xlsx,False,0,False,0
245816,170,1016,47.5,-106.0,MT,gs://infrasure-scr-data/onshore_wind/physical_risk/CONUS13K_Cell_245816_MT_WEIM_OnshoreWind_physical_risks.xlsx,False,0,False,0
245818,170,1018,47.5,-105.5,MT,gs://infrasure-scr-data/onshore_wind/physical_risk/CONUS13K_Cell_245818_MT_WEIM_OnshoreWind_physical_risks.xlsx,False,0,False,0
245819,170,1019,47.5,-105.25,MT,gs://infrasure-scr-data/onshore_wind/physical_risk/CONUS13K_Cell_245819_MT_WEIM_OnshoreWind_physical_risks.xlsx,False,0,False,0
245831,170,1031,47.5,-102.25,ND,gs://infrasure-scr-data/onshore_wind/physical_risk/CONUS13K_Cell_245831_ND_MISO_OnshoreWind_physical_risks.xlsx,False,0,False,0
245863,170,1063,47.5,-94.25,MN,gs://infrasure-scr-data/onshore_wind/physical_risk/CONUS13K_Cell_245863_MN_MISO_OnshoreWind_physical_risks.xlsx,False,0,False,0
247190,171,950,47.25,-122.5,WA,gs://infrasure-scr-data/onshore_wind/physical_risk/CONUS13K_Cell_247190_WA_WEIM_OnshoreWind_physical_risks.xlsx,False,0,False,0
247245,171,1005,47.25,-108.75,MT,gs://infrasure-scr-data/onshore_wind/physical_risk/CONUS13K_Cell_247245_MT_WEIM_OnshoreWind_physical_risks.xlsx,False,0,False,0
247250,171,1010,47.25,-107.5,MT,gs://infrasure-scr-data/onshore_wind/physical_risk/CONUS13K_Cell_247250_MT_WEIM_OnshoreWind_physical_risks.xlsx,False,0,False,0
247251,171,1011,47.25,-107.25,MT,gs://infrasure-scr-data/onshore_wind/physical_risk/CONUS13K_Cell_247251_MT_WEIM_OnshoreWind_physical_risks.xlsx,False,0,False,0
247252,171,1012,47.25,-107.0,MT,gs://infrasure-scr-data/onshore_wind/physical_risk/CONUS13K_Cell_247252_MT_WEIM_OnshoreWind_physical_risks.xlsx,False,0,False,0
247253,171,1013,47.25,-106.75,MT,gs://infrasure-scr-data/onshore_wind/physical_risk/CONUS13K_Cell_247253_MT_WEIM_OnshoreWind_physical_risks.xlsx,False,0,False,0
247255,171,1015,47.25,-106.25,MT,gs://infrasure-scr-data/onshore_wind/physical_risk/CONUS13K_Cell_247255_MT_WEIM_OnshoreWind_physical_risks.xlsx,False,0,False,0
247256,171,1016,47.25,-106.0,MT,gs://infrasure-scr-data/onshore_wind/physical_risk/CONUS13K_Cell_247256_MT_WEIM_OnshoreWind_physical_risks.xlsx,False,0,False,0
247257,171,1017,47.25,-105.75,MT,gs://infrasure-scr-data/onshore_wind/physical_risk/CONUS13K_Cell_247257_MT_WEIM_OnshoreWind_physical_risks.xlsx,False,0,False,0
247263,171,1023,47.25,-104.25,MT,gs://infrasure-scr-data/onshore_wind/physical_risk/CONUS13K_Cell_247263_MT_WEIM_OnshoreWind_physical_risks.xlsx,False,0,False,0
247264,171,1024,47.25,-104.0,ND,gs://infrasure-scr-data/onshore_wind/physical_risk/CONUS13K_Cell_247264_ND_MISO_OnshoreWind_physical_risks.xlsx,False,0,False,0
247269,171,1029,47.25,-102.75,ND,gs://infrasure-scr-data/onshore_wind/physical_risk/CONUS13K_Cell_247269_ND_MISO_OnshoreWind_physical_risks.xlsx,False,0,False,0
247270,171,1030,47.25,-102.5,ND,gs://infrasure-scr-data/onshore_wind/physical_risk/CONUS13K_Cell_247270_ND_MISO_OnshoreWind_physical_risks.xlsx,False,0,False,0
247274,171,1034,47.25,-101.5,ND,gs://infrasure-scr-data/onshore_wind/physical_risk/CONUS13K_Cell_247274_ND_MISO_OnshoreWind_physical_risks.xlsx,False,0,False,0
248690,172,1010,47.0,-107.5,MT,gs://infrasure-scr-data/onshore_wind/physical_risk/CONUS13K_Cell_248690_MT_WEIM_OnshoreWind_physical_risks.xlsx,False,0,False,0
248693,172,1013,47.0,-106.75,MT,gs://infrasure-scr-data/onshore_wind/physical_risk/CONUS13K_Cell_248693_MT_WEIM_OnshoreWind_physical_risks.xlsx,False,0,False,0
248694,172,1014,47.0,-106.5,MT,gs://infrasure-scr-data/onshore_wind/physical_risk/CONUS13K_Cell_248694_MT_WEIM_OnshoreWind_physical_risks.xlsx,False,0,False,0
248695,172,1015,47.0,-106.25,MT,gs://infrasure-scr-data/onshore_wind/physical_risk/CONUS13K_Cell_248695_MT_WEIM_OnshoreWind_physical_risks.xlsx,False,0,False,0
248696,172,1016,47.0,-106.0,MT,gs://infrasure-scr-data/onshore_wind/physical_risk/CONUS13K_Cell_248696_MT_WEIM_OnshoreWind_physical_risks.xlsx,False,0,False,0
248697,172,1017,47.0,-105.75,MT,gs://infrasure-scr-data/onshore_wind/physical_risk/CONUS13K_Cell_248697_MT_WEIM_OnshoreWind_physical_risks.xlsx,False,0,False,0
248698,172,1018,47.0,-105.5,MT,gs://infrasure-scr-data/onshore_wind/physical_risk/CONUS13K_Cell_248698_MT_WEIM_OnshoreWind_physical_risks.xlsx,False,0,False,0
248699,172,1019,47.0,-105.25,MT,gs://infrasure-scr-data/onshore_wind/physical_risk/CONUS13K_Cell_248699_MT_WEIM_OnshoreWind_physical_risks.xlsx,False,0,False,0
248700,172,1020,47.0,-105.0,MT,gs://infrasure-scr-data/onshore_wind/physical_risk/CONUS13K_Cell_248700_MT_WEIM_OnshoreWind_physical_risks.xlsx,False,0,False,0
248702,172,1022,47.0,-104.5,MT,gs://infrasure-scr-data/onshore_wind/physical_risk/CONUS13K_Cell_248702_MT_WEIM_OnshoreWind_physical_risks.xlsx,False,0,False,0
248710,172,1030,47.0,-102.5,ND,gs://infrasure-scr-data/onshore_wind/physical_risk/CONUS13K_Cell_248710_ND_MISO_OnshoreWind_physical_risks.xlsx,False,0,False,0
248715,172,1035,47.0,-101.25,ND,gs://infrasure-scr-data/onshore_wind/physical_risk/CONUS13K_Cell_248715_ND_MISO_OnshoreWind_physical_risks.xlsx,False,0,False,0
248722,172,1042,47.0,-99.5,ND,gs://infrasure-scr-data/onshore_wind/physical_risk/CONUS13K_Cell_248722_ND_MISO_OnshoreWind_physical_risks.xlsx,False,0,False,0
250082,173,962,46.75,-119.5,WA,gs://infrasure-scr-data/onshore_wind/physical_risk/CONUS13K_Cell_250082_WA_WEIM_OnshoreWind_physical_risks.xlsx,False,0,False,0
250127,173,1007,46.75,-108.25,MT,gs://infrasure-scr-data/onshore_wind/physical_risk/CONUS13K_Cell_250127_MT_WEIM_OnshoreWind_physical_risks.xlsx,False,0,False,0
250133,173,1013,46.75,-106.75,MT,gs://infrasure-scr-data/onshore_wind/physical_risk/CONUS13K_Cell_250133_MT_WEIM_OnshoreWind_physical_risks.xlsx,False,0,False,0
250134,173,1014,46.75,-106.5,MT,gs://infrasure-scr-data/onshore_wind/physical_risk/CONUS13K_Cell_250134_MT_WEIM_OnshoreWind_physical_risks.xlsx,False,0,False,0
250136,173,1016,46.75,-106.0,MT,gs://infrasure-scr-data/onshore_wind/physical_risk/CONUS13K_Cell_250136_MT_WEIM_OnshoreWind_physical_risks.xlsx,False,0,False,0
250137,173,1017,46.75,-105.75,MT,gs://infrasure-scr-data/onshore_wind/physical_risk/CONUS13K_Cell_250137_MT_WEIM_OnshoreWind_physical_risks.xlsx,False,0,False,0
250138,173,1018,46.75,-105.5,MT,gs://infrasure-scr-data/onshore_wind/physical_risk/CONUS13K_Cell_250138_MT_WEIM_OnshoreWind_physical_risks.xlsx,False,0,False,0
250155,173,1035,46.75,-101.25,ND,gs://infrasure-scr-data/onshore_wind/physical_risk/CONUS13K_Cell_250155_ND_MISO_OnshoreWind_physical_risks.xlsx,False,0,False,0
250156,173,1036,46.75,-101.0,ND,gs://infrasure-scr-data/onshore_wind/physical_risk/CONUS13K_Cell_250156_ND_MISO_OnshoreWind_physical_risks.xlsx,False,0,False,0
251521,174,961,46.5,-119.75,WA,gs://infrasure-scr-data/onshore_wind/physical_risk/CONUS13K_Cell_251521_WA_WEIM_OnshoreWind_physical_risks.xlsx,False,0,False,0
251522,174,962,46.5,-119.5,WA,gs://infrasure-scr-data/onshore_wind/physical_risk/CONUS13K_Cell_251522_WA_WEIM_OnshoreWind_physical_risks.xlsx,False,0,False,0
251560,174,1000,46.5,-110.0,MT,gs://infrasure-scr-data/onshore_wind/physical_risk/CONUS13K_Cell_251560_MT_WEIM_OnshoreWind_physical_risks.xlsx,False,0,False,0
251564,174,1004,46.5,-109.0,MT,gs://infrasure-scr-data/onshore_wind/physical_risk/CONUS13K_Cell_251564_MT_WEIM_OnshoreWind_physical_risks.xlsx,False,0,False,0
251570,174,1010,46.5,-107.5,MT,gs://infrasure-scr-data/onshore_wind/physical_risk/CONUS13K_Cell_251570_MT_WEIM_OnshoreWind_physical_risks.xlsx,False,0,False,0
251571,174,1011,46.5,-107.25,MT,gs://infrasure-scr-data/onshore_wind/physical_risk/CONUS13K_Cell_251571_MT_WEIM_OnshoreWind_physical_risks.xlsx,False,0,False,0
251579,174,1019,46.5,-105.25,MT,gs://infrasure-scr-data/onshore_wind/physical_risk/CONUS13K_Cell_251579_MT_WEIM_OnshoreWind_physical_risks.xlsx,False,0,False,0
251580,174,1020,46.5,-105.0,MT,gs://infrasure-scr-data/onshore_wind/physical_risk/CONUS13K_Cell_251580_MT_WEIM_OnshoreWind_physical_risks.xlsx,False,0,False,0
251581,174,1021,46.5,-104.75,MT,gs://infrasure-scr-data/onshore_wind/physical_risk/CONUS13K_Cell_251581_MT_WEIM_OnshoreWind_physical_risks.xlsx,False,0,False,0
251593,174,1033,46.5,-101.75,ND,gs://infrasure-scr-data/onshore_wind/physical_risk/CONUS13K_Cell_251593_ND_MISO_OnshoreWind_physical_risks.xlsx,False,0,False,0
251594,174,1034,46.5,-101.5,ND,gs://infrasure-scr-data/onshore_wind/physical_risk/CONUS13K_Cell_251594_ND_MISO_OnshoreWind_physical_risks.xlsx,False,0,False,0
253004,175,1004,46.25,-109.0,MT,gs://infrasure-scr-data/onshore_wind/physical_risk/CONUS13K_Cell_253004_MT_WEIM_OnshoreWind_physical_risks.xlsx,False,0,False,0
253008,175,1008,46.25,-108.0,MT,gs://infrasure-scr-data/onshore_wind/physical_risk/CONUS13K_Cell_253008_MT_WEIM_OnshoreWind_physical_risks.xlsx,False,0,False,0
253010,175,1010,46.25,-107.5,MT,gs://infrasure-scr-data/onshore_wind/physical_risk/CONUS13K_Cell_253010_MT_WEIM_OnshoreWind_physical_risks.xlsx,False,0,False,0
253016,175,1016,46.25,-106.0,MT,gs://infrasure-scr-data/onshore_wind/physical_risk/CONUS13K_Cell_253016_MT_WEIM_OnshoreWind_physical_risks.xlsx,False,0,False,0
253040,175,1040,46.25,-100.0,ND,gs://infrasure-scr-data/onshore_wind/physical_risk/CONUS13K_Cell_253040_ND_MISO_OnshoreWind_physical_risks.xlsx,False,0,False,0
253041,175,1041,46.25,-99.75,ND,gs://infrasure-scr-data/onshore_wind/physical_risk/CONUS13K_Cell_253041_ND_MISO_OnshoreWind_physical_risks.xlsx,False,0,False,0
253042,175,1042,46.25,-99.5,ND,gs://infrasure-scr-data/onshore_wind/physical_risk/CONUS13K_Cell_253042_ND_MISO_OnshoreWind_physical_risks.xlsx,False,0,False,0
253065,175,1065,46.25,-93.75,MN,gs://infrasure-scr-data/onshore_wind/physical_risk/CONUS13K_Cell_253065_MN_MISO_OnshoreWind_physical_risks.xlsx,False,0,False,0
254399,176,959,46.0,-120.25,WA,gs://infrasure-scr-data/onshore_wind/physical_risk/CONUS13K_Cell_254399_WA_WEIM_OnshoreWind_physical_risks.xlsx,False,0,False,0
254440,176,1000,46.0,-110.0,MT,gs://infrasure-scr-data/onshore_wind/physical_risk/CONUS13K_Cell_254440_MT_WEIM_OnshoreWind_physical_risks.xlsx,False,0,False,0
254443,176,1003,46.0,-109.25,MT,gs://infrasure-scr-data/onshore_wind/physical_risk/CONUS13K_Cell_254443_MT_WEIM_OnshoreWind_physical_risks.xlsx,False,0,False,0
254468,176,1028,46.0,-103.0,ND,gs://infrasure-scr-data/onshore_wind/physical_risk/CONUS13K_Cell_254468_ND_MISO_OnshoreWind_physical_risks.xlsx,False,0,False,0
254484,176,1044,46.0,-99.0,ND,gs://infrasure-scr-data/onshore_wind/physical_risk/CONUS13K_Cell_254484_ND_MISO_OnshoreWind_physical_risks.xlsx,False,0,False,0
255922,177,1042,45.75,-99.5,SD,gs://infrasure-scr-data/onshore_wind/physical_risk/CONUS13K_Cell_255922_SD_MISO_OnshoreWind_physical_risks.xlsx,False,0,False,0
255930,177,1050,45.75,-97.5,SD,gs://infrasure-scr-data/onshore_wind/physical_risk/CONUS13K_Cell_255930_SD_MISO_OnshoreWind_physical_risks.xlsx,False,0,False,0
256041,177,1161,45.75,-69.75,ME,gs://infrasure-scr-data/onshore_wind/physical_risk/CONUS13K_Cell_256041_ME_ISO-NE_OnshoreWind_physical_risks.xlsx,False,0,False,7
257277,178,957,45.5,-120.75,OR,gs://infrasure-scr-data/onshore_wind/physical_risk/CONUS13K_Cell_257277_OR_WEIM_OnshoreWind_physical_risks.xlsx,False,0,False,0
257372,178,1052,45.5,-97.0,SD,gs://infrasure-scr-data/onshore_wind/physical_risk/CONUS13K_Cell_257372_SD_MISO_OnshoreWind_physical_risks.xlsx,False,0,False,0
257393,178,1073,45.5,-91.75,WI,gs://infrasure-scr-data/onshore_wind/physical_risk/CONUS13K_Cell_257393_WI_MISO_OnshoreWind_physical_risks.xlsx,False,0,False,0
258786,179,1026,45.25,-103.5,SD,gs://infrasure-scr-data/onshore_wind/physical_risk/CONUS13K_Cell_258786_SD_MISO_OnshoreWind_physical_risks.xlsx,False,0,False,0
258788,179,1028,45.25,-103.0,SD,gs://infrasure-scr-data/onshore_wind/physical_risk/CONUS13K_Cell_258788_SD_MISO_OnshoreWind_physical_risks.xlsx,False,0,False,0
258806,179,1046,45.25,-98.5,SD,gs://infrasure-scr-data/onshore_wind/physical_risk/CONUS13K_Cell_258806_SD_MISO_OnshoreWind_physical_risks.xlsx,False,0,False,0
258808,179,1048,45.25,-98.0,SD,gs://infrasure-scr-data/onshore_wind/physical_risk/CONUS13K_Cell_258808_SD_MISO_OnshoreWind_physical_risks.xlsx,False,0,False,0
260224,180,1024,45.0,-104.0,SD,gs://infrasure-scr-data/onshore_wind/physical_risk/CONUS13K_Cell_260224_SD_MISO_OnshoreWind_physical_risks.xlsx,False,0,False,0
260225,180,1025,45.0,-103.75,SD,gs://infrasure-scr-data/onshore_wind/physical_risk/CONUS13K_Cell_260225_SD_MISO_OnshoreWind_physical_risks.xlsx,False,0,False,0
260267,180,1067,45.0,-93.25,MN,gs://infrasure-scr-data/onshore_wind/physical_risk/CONUS13K_Cell_260267_MN_MISO_OnshoreWind_physical_risks.xlsx,False,0,False,0
260270,180,1070,45.0,-92.5,WI,gs://infrasure-scr-data/onshore_wind/physical_risk/CONUS13K_Cell_260270_WI_MISO_OnshoreWind_physical_risks.xlsx,False,0,False,0
260277,180,1077,45.0,-90.75,WI,gs://infrasure-scr-data/onshore_wind/physical_risk/CONUS13K_Cell_260277_WI_MISO_OnshoreWind_physical_risks.xlsx,False,0,False,0
260279,180,1079,45.0,-90.25,WI,gs://infrasure-scr-data/onshore_wind/physical_risk/CONUS13K_Cell_260279_WI_MISO_OnshoreWind_physical_risks.xlsx,False,0,False,0
261664,181,1024,44.75,-104.0,SD,gs://infrasure-scr-data/onshore_wind/physical_risk/CONUS13K_Cell_261664_SD_MISO_OnshoreWind_physical_risks.xlsx,False,0,False,0
261668,181,1028,44.75,-103.0,SD,gs://infrasure-scr-data/onshore_wind/physical_risk/CONUS13K_Cell_261668_SD_MISO_OnshoreWind_physical_risks.xlsx,False,0,False,0
261704,181,1064,44.75,-94.0,MN,gs://infrasure-scr-data/onshore_wind/physical_risk/CONUS13K_Cell_261704_MN_MISO_OnshoreWind_physical_risks.xlsx,False,0,False,0
261715,181,1075,44.75,-91.25,WI,gs://infrasure-scr-data/onshore_wind/physical_risk/CONUS13K_Cell_261715_WI_MISO_OnshoreWind_physical_risks.xlsx,False,0,False,0
263065,182,985,44.5,-113.75,ID,gs://infrasure-scr-data/onshore_wind/physical_risk/CONUS13K_Cell_263065_ID_WEIM_OnshoreWind_physical_risks.xlsx,False,0,False,0
263085,182,1005,44.5,-108.75,WY,gs://infrasure-scr-data/onshore_wind/physical_risk/CONUS13K_Cell_263085_WY_WEIM_OnshoreWind_physical_risks.xlsx,False,0,False,0
263089,182,1009,44.5,-107.75,WY,gs://infrasure-scr-data/onshore_wind/physical_risk/CONUS13K_Cell_263089_WY_WEIM_OnshoreWind_physical_risks.xlsx,False,0,False,0
263181,182,1101,44.5,-84.75,MI,gs://infrasure-scr-data/onshore_wind/physical_risk/CONUS13K_Cell_263181_MI_MISO_OnshoreWind_physical_risks.xlsx,False,0,False,0
264506,183,986,44.25,-113.5,ID,gs://infrasure-scr-data/onshore_wind/physical_risk/CONUS13K_Cell_264506_ID_WEIM_OnshoreWind_physical_risks.xlsx,False,0,False,0
264524,183,1004,44.25,-109.0,WY,gs://infrasure-scr-data/onshore_wind/physical_risk/CONUS13K_Cell_264524_WY_WEIM_OnshoreWind_physical_risks.xlsx,False,0,False,0
264525,183,1005,44.25,-108.75,WY,gs://infrasure-scr-data/onshore_wind/physical_risk/CONUS13K_Cell_264525_WY_WEIM_OnshoreWind_physical_risks.xlsx,False,0,False,0
264534,183,1014,44.25,-106.5,WY,gs://infrasure-scr-data/onshore_wind/physical_risk/CONUS13K_Cell_264534_WY_WEIM_OnshoreWind_physical_risks.xlsx,False,0,False,0
264537,183,1017,44.25,-105.75,WY,gs://infrasure-scr-data/onshore_wind/physical_risk/CONUS13K_Cell_264537_WY_WEIM_OnshoreWind_physical_risks.xlsx,False,0,False,0
264569,183,1049,44.25,-97.75,SD,gs://infrasure-scr-data/onshore_wind/physical_risk/CONUS13K_Cell_264569_SD_MISO_OnshoreWind_physical_risks.xlsx,False,0,False,0
264570,183,1050,44.25,-97.5,SD,gs://infrasure-scr-data/onshore_wind/physical_risk/CONUS13K_Cell_264570_SD_MISO_OnshoreWind_physical_risks.xlsx,False,0,False,0
264609,183,1089,44.25,-87.75,WI,gs://infrasure-scr-data/onshore_wind/physical_risk/CONUS13K_Cell_264609_WI_MISO_OnshoreWind_physical_risks.xlsx,False,0,False,0
265969,184,1009,44.0,-107.75,WY,gs://infrasure-scr-data/onshore_wind/physical_risk/CONUS13K_Cell_265969_WY_WEIM_OnshoreWind_physical_risks.xlsx,False,0,False,0
265974,184,1014,44.0,-106.5,WY,gs://infrasure-scr-data/onshore_wind/physical_risk/CONUS13K_Cell_265974_WY_WEIM_OnshoreWind_physical_risks.xlsx,False,0,False,0
265975,184,1015,44.0,-106.25,WY,gs://infrasure-scr-data/onshore_wind/physical_risk/CONUS13K_Cell_265975_WY_WEIM_OnshoreWind_physical_risks.xlsx,False,0,False,0
265976,184,1016,44.0,-106.0,WY,gs://infrasure-scr-data/onshore_wind/physical_risk/CONUS13K_Cell_265976_WY_WEIM_OnshoreWind_physical_risks.xlsx,False,0,False,0
265978,184,1018,44.0,-105.5,WY,gs://infrasure-scr-data/onshore_wind/physical_risk/CONUS13K_Cell_265978_WY_WEIM_OnshoreWind_physical_risks.xlsx,False,0,False,0
265979,184,1019,44.0,-105.25,WY,gs://infrasure-scr-data/onshore_wind/physical_risk/CONUS13K_Cell_265979_WY_WEIM_OnshoreWind_physical_risks.xlsx,False,0,False,0
265981,184,1021,44.0,-104.75,WY,gs://infrasure-scr-data/onshore_wind/physical_risk/CONUS13K_Cell_265981_WY_WEIM_OnshoreWind_physical_risks.xlsx,False,0,False,0
266009,184,1049,44.0,-97.75,SD,gs://infrasure-scr-data/onshore_wind/physical_risk/CONUS13K_Cell_266009_SD_MISO_OnshoreWind_physical_risks.xlsx,False,0,False,0
266024,184,1064,44.0,-94.0,MN,gs://infrasure-scr-data/onshore_wind/physical_risk/CONUS13K_Cell_266024_MN_MISO_OnshoreWind_physical_risks.xlsx,False,0,False,0
266046,184,1086,44.0,-88.5,WI,gs://infrasure-scr-data/onshore_wind/physical_risk/CONUS13K_Cell_266046_WI_MISO_OnshoreWind_physical_risks.xlsx,False,0,False,0
267357,185,957,43.75,-120.75,OR,gs://infrasure-scr-data/onshore_wind/physical_risk/CONUS13K_Cell_267357_OR_WEIM_OnshoreWind_physical_risks.xlsx,False,0,False,0
267358,185,958,43.75,-120.5,OR,gs://infrasure-scr-data/onshore_wind/physical_risk/CONUS13K_Cell_267358_OR_WEIM_OnshoreWind_physical_risks.xlsx,False,0,False,0
267371,185,971,43.75,-117.25,OR,gs://infrasure-scr-data/onshore_wind/physical_risk/CONUS13K_Cell_267371_OR_WEIM_OnshoreWind_physical_risks.xlsx,False,0,False,0
267389,185,989,43.75,-112.75,ID,gs://infrasure-scr-data/onshore_wind/physical_risk/CONUS13K_Cell_267389_ID_WEIM_OnshoreWind_physical_risks.xlsx,False,0,False,0
267390,185,990,43.75,-112.5,ID,gs://infrasure-scr-data/onshore_wind/physical_risk/CONUS13K_Cell_267390_ID_WEIM_OnshoreWind_physical_risks.xlsx,False,0,False,0
267391,185,991,43.75,-112.25,ID,gs://infrasure-scr-data/onshore_wind/physical_risk/CONUS13K_Cell_267391_ID_WEIM_OnshoreWind_physical_risks.xlsx,False,0,False,0
267407,185,1007,43.75,-108.25,WY,gs://infrasure-scr-data/onshore_wind/physical_risk/CONUS13K_Cell_267407_WY_WEIM_OnshoreWind_physical_risks.xlsx,False,0,False,0
267409,185,1009,43.75,-107.75,WY,gs://infrasure-scr-data/onshore_wind/physical_risk/CONUS13K_Cell_267409_WY_WEIM_OnshoreWind_physical_risks.xlsx,False,0,False,0
267413,185,1013,43.75,-106.75,WY,gs://infrasure-scr-data/onshore_wind/physical_risk/CONUS13K_Cell_267413_WY_WEIM_OnshoreWind_physical_risks.xlsx,False,0,False,0
267414,185,1014,43.75,-106.5,WY,gs://infrasure-scr-data/onshore_wind/physical_risk/CONUS13K_Cell_267414_WY_WEIM_OnshoreWind_physical_risks.xlsx,False,0,False,0
267416,185,1016,43.75,-106.0,WY,gs://infrasure-scr-data/onshore_wind/physical_risk/CONUS13K_Cell_267416_WY_WEIM_OnshoreWind_physical_risks.xlsx,False,0,False,0
267417,185,1017,43.75,-105.75,WY,gs://infrasure-scr-data/onshore_wind/physical_risk/CONUS13K_Cell_267417_WY_WEIM_OnshoreWind_physical_risks.xlsx,False,0,False,0
267420,185,1020,43.75,-105.0,WY,gs://infrasure-scr-data/onshore_wind/physical_risk/CONUS13K_Cell_267420_WY_WEIM_OnshoreWind_physical_risks.xlsx,False,0,False,0
267422,185,1022,43.75,-104.5,WY,gs://infrasure-scr-data/onshore_wind/physical_risk/CONUS13K_Cell_267422_WY_WEIM_OnshoreWind_physical_risks.xlsx,False,0,False,0
267428,185,1028,43.75,-103.0,SD,gs://infrasure-scr-data/onshore_wind/physical_risk/CONUS13K_Cell_267428_SD_MISO_OnshoreWind_physical_risks.xlsx,False,0,False,0
267433,185,1033,43.75,-101.75,SD,gs://infrasure-scr-data/onshore_wind/physical_risk/CONUS13K_Cell_267433_SD_MISO_OnshoreWind_physical_risks.xlsx,False,0,False,0
267444,185,1044,43.75,-99.0,SD,gs://infrasure-scr-data/onshore_wind/physical_risk/CONUS13K_Cell_267444_SD_MISO_OnshoreWind_physical_risks.xlsx,False,0,False,0
267445,185,1045,43.75,-98.75,SD,gs://infrasure-scr-data/onshore_wind/physical_risk/CONUS13K_Cell_267445_SD_MISO_OnshoreWind_physical_risks.xlsx,False,0,False,0
267446,185,1046,43.75,-98.5,SD,gs://infrasure-scr-data/onshore_wind/physical_risk/CONUS13K_Cell_267446_SD_MISO_OnshoreWind_physical_risks.xlsx,False,0,False,0
267469,185,1069,43.75,-92.75,MN,gs://infrasure-scr-data/onshore_wind/physical_risk/CONUS13K_Cell_267469_MN_MISO_OnshoreWind_physical_risks.xlsx,False,0,False,0
267504,185,1104,43.75,-84.0,MI,gs://infrasure-scr-data/onshore_wind/physical_risk/CONUS13K_Cell_267504_MI_MISO_OnshoreWind_physical_risks.xlsx,False,0,False,0
268805,186,965,43.5,-118.75,OR,gs://infrasure-scr-data/onshore_wind/physical_risk/CONUS13K_Cell_268805_OR_WEIM_OnshoreWind_physical_risks.xlsx,False,0,False,0
268810,186,970,43.5,-117.5,OR,gs://infrasure-scr-data/onshore_wind/physical_risk/CONUS13K_Cell_268810_OR_WEIM_OnshoreWind_physical_risks.xlsx,False,0,False,0
268828,186,988,43.5,-113.0,ID,gs://infrasure-scr-data/onshore_wind/physical_risk/CONUS13K_Cell_268828_ID_WEIM_OnshoreWind_physical_risks.xlsx,False,0,False,0
268844,186,1004,43.5,-109.0,WY,gs://infrasure-scr-data/onshore_wind/physical_risk/CONUS13K_Cell_268844_WY_WEIM_OnshoreWind_physical_risks.xlsx,False,0,False,0
268854,186,1014,43.5,-106.5,WY,gs://infrasure-scr-data/onshore_wind/physical_risk/CONUS13K_Cell_268854_WY_WEIM_OnshoreWind_physical_risks.xlsx,False,0,False,0
268855,186,1015,43.5,-106.25,WY,gs://infrasure-scr-data/onshore_wind/physical_risk/CONUS13K_Cell_268855_WY_WEIM_OnshoreWind_physical_risks.xlsx,False,0,False,0
268856,186,1016,43.5,-106.0,WY,gs://infrasure-scr-data/onshore_wind/physical_risk/CONUS13K_Cell_268856_WY_WEIM_OnshoreWind_physical_risks.xlsx,False,0,False,0
268857,186,1017,43.5,-105.75,WY,gs://infrasure-scr-data/onshore_wind/physical_risk/CONUS13K_Cell_268857_WY_WEIM_OnshoreWind_physical_risks.xlsx,False,0,False,0
268858,186,1018,43.5,-105.5,WY,gs://infrasure-scr-data/onshore_wind/physical_risk/CONUS13K_Cell_268858_WY_WEIM_OnshoreWind_physical_risks.xlsx,False,0,False,0
268860,186,1020,43.5,-105.0,WY,gs://infrasure-scr-data/onshore_wind/physical_risk/CONUS13K_Cell_268860_WY_WEIM_OnshoreWind_physical_risks.xlsx,False,0,False,0
268861,186,1021,43.5,-104.75,WY,gs://infrasure-scr-data/onshore_wind/physical_risk/CONUS13K_Cell_268861_WY_WEIM_OnshoreWind_physical_risks.xlsx,False,0,False,0
268862,186,1022,43.5,-104.5,WY,gs://infrasure-scr-data/onshore_wind/physical_risk/CONUS13K_Cell_268862_WY_WEIM_OnshoreWind_physical_risks.xlsx,False,0,False,0
268863,186,1023,43.5,-104.25,WY,gs://infrasure-scr-data/onshore_wind/physical_risk/CONUS13K_Cell_268863_WY_WEIM_OnshoreWind_physical_risks.xlsx,False,0,False,0
268884,186,1044,43.5,-99.0,SD,gs://infrasure-scr-data/onshore_wind/physical_risk/CONUS13K_Cell_268884_SD_MISO_OnshoreWind_physical_risks.xlsx,False,0,False,0
270249,187,969,43.25,-117.75,OR,gs://infrasure-scr-data/onshore_wind/physical_risk/CONUS13K_Cell_270249_OR_WEIM_OnshoreWind_physical_risks.xlsx,False,0,False,0
270252,187,972,43.25,-117.0,ID,gs://infrasure-scr-data/onshore_wind/physical_risk/CONUS13K_Cell_270252_ID_WEIM_OnshoreWind_physical_risks.xlsx,False,0,False,0
270257,187,977,43.25,-115.75,ID,gs://infrasure-scr-data/onshore_wind/physical_risk/CONUS13K_Cell_270257_ID_WEIM_OnshoreWind_physical_risks.xlsx,False,0,False,0
270263,187,983,43.25,-114.25,ID,gs://infrasure-scr-data/onshore_wind/physical_risk/CONUS13K_Cell_270263_ID_WEIM_OnshoreWind_physical_risks.xlsx,False,0,False,0
270267,187,987,43.25,-113.25,ID,gs://infrasure-scr-data/onshore_wind/physical_risk/CONUS13K_Cell_270267_ID_WEIM_OnshoreWind_physical_risks.xlsx,False,0,False,0
270268,187,988,43.25,-113.0,ID,gs://infrasure-scr-data/onshore_wind/physical_risk/CONUS13K_Cell_270268_ID_WEIM_OnshoreWind_physical_risks.xlsx,False,0,False,0
270269,187,989,43.25,-112.75,ID,gs://infrasure-scr-data/onshore_wind/physical_risk/CONUS13K_Cell_270269_ID_WEIM_OnshoreWind_physical_risks.xlsx,False,0,False,0
270285,187,1005,43.25,-108.75,WY,gs://infrasure-scr-data/onshore_wind/physical_risk/CONUS13K_Cell_270285_WY_WEIM_OnshoreWind_physical_risks.xlsx,False,0,False,0
270292,187,1012,43.25,-107.0,WY,gs://infrasure-scr-data/onshore_wind/physical_risk/CONUS13K_Cell_270292_WY_WEIM_OnshoreWind_physical_risks.xlsx,False,0,False,0
270293,187,1013,43.25,-106.75,WY,gs://infrasure-scr-data/onshore_wind/physical_risk/CONUS13K_Cell_270293_WY_WEIM_OnshoreWind_physical_risks.xlsx,False,0,False,0
270295,187,1015,43.25,-106.25,WY,gs://infrasure-scr-data/onshore_wind/physical_risk/CONUS13K_Cell_270295_WY_WEIM_OnshoreWind_physical_risks.xlsx,False,0,False,0
270297,187,1017,43.25,-105.75,WY,gs://infrasure-scr-data/onshore_wind/physical_risk/CONUS13K_Cell_270297_WY_WEIM_OnshoreWind_physical_risks.xlsx,False,0,False,0
270299,187,1019,43.25,-105.25,WY,gs://infrasure-scr-data/onshore_wind/physical_risk/CONUS13K_Cell_270299_WY_WEIM_OnshoreWind_physical_risks.xlsx,False,0,False,0
270301,187,1021,43.25,-104.75,WY,gs://infrasure-scr-data/onshore_wind/physical_risk/CONUS13K_Cell_270301_WY_WEIM_OnshoreWind_physical_risks.xlsx,False,0,False,0
270304,187,1024,43.25,-104.0,SD,gs://infrasure-scr-data/onshore_wind/physical_risk/CONUS13K_Cell_270304_SD_MISO_OnshoreWind_physical_risks.xlsx,False,0,False,0
270354,187,1074,43.25,-91.5,IA,gs://infrasure-scr-data/onshore_wind/physical_risk/CONUS13K_Cell_270354_IA_MISO_OnshoreWind_physical_risks.xlsx,False,0,False,0
270355,187,1075,43.25,-91.25,IA,gs://infrasure-scr-data/onshore_wind/physical_risk/CONUS13K_Cell_270355_IA_MISO_OnshoreWind_physical_risks.xlsx,False,0,False,0
270389,187,1109,43.25,-82.75,MI,gs://infrasure-scr-data/onshore_wind/physical_risk/CONUS13K_Cell_270389_MI_MISO_OnshoreWind_physical_risks.xlsx,False,0,False,0
271678,188,958,43.0,-120.5,OR,gs://infrasure-scr-data/onshore_wind/physical_risk/CONUS13K_Cell_271678_OR_WEIM_OnshoreWind_physical_risks.xlsx,False,0,False,0
271679,188,959,43.0,-120.25,OR,gs://infrasure-scr-data/onshore_wind/physical_risk/CONUS13K_Cell_271679_OR_WEIM_OnshoreWind_physical_risks.xlsx,False,0,False,0
271680,188,960,43.0,-120.0,OR,gs://infrasure-scr-data/onshore_wind/physical_risk/CONUS13K_Cell_271680_OR_WEIM_OnshoreWind_physical_risks.xlsx,False,0,False,0
271681,188,961,43.0,-119.75,OR,gs://infrasure-scr-data/onshore_wind/physical_risk/CONUS13K_Cell_271681_OR_WEIM_OnshoreWind_physical_risks.xlsx,False,0,False,0
271682,188,962,43.0,-119.5,OR,gs://infrasure-scr-data/onshore_wind/physical_risk/CONUS13K_Cell_271682_OR_WEIM_OnshoreWind_physical_risks.xlsx,False,0,False,0
271687,188,967,43.0,-118.25,OR,gs://infrasure-scr-data/onshore_wind/physical_risk/CONUS13K_Cell_271687_OR_WEIM_OnshoreWind_physical_risks.xlsx,False,0,False,0
271688,188,968,43.0,-118.0,OR,gs://infrasure-scr-data/onshore_wind/physical_risk/CONUS13K_Cell_271688_OR_WEIM_OnshoreWind_physical_risks.xlsx,False,0,False,0
271695,188,975,43.0,-116.25,ID,gs://infrasure-scr-data/onshore_wind/physical_risk/CONUS13K_Cell_271695_ID_WEIM_OnshoreWind_physical_risks.xlsx,False,0,False,0
271705,188,985,43.0,-113.75,ID,gs://infrasure-scr-data/onshore_wind/physical_risk/CONUS13K_Cell_271705_ID_WEIM_OnshoreWind_physical_risks.xlsx,False,0,False,0
271707,188,987,43.0,-113.25,ID,gs://infrasure-scr-data/onshore_wind/physical_risk/CONUS13K_Cell_271707_ID_WEIM_OnshoreWind_physical_risks.xlsx,False,0,False,0
271708,188,988,43.0,-113.0,ID,gs://infrasure-scr-data/onshore_wind/physical_risk/CONUS13K_Cell_271708_ID_WEIM_OnshoreWind_physical_risks.xlsx,False,0,False,0
271728,188,1008,43.0,-108.0,WY,gs://infrasure-scr-data/onshore_wind/physical_risk/CONUS13K_Cell_271728_WY_WEIM_OnshoreWind_physical_risks.xlsx,False,0,False,0
271729,188,1009,43.0,-107.75,WY,gs://infrasure-scr-data/onshore_wind/physical_risk/CONUS13K_Cell_271729_WY_WEIM_OnshoreWind_physical_risks.xlsx,False,0,False,0
271731,188,1011,43.0,-107.25,WY,gs://infrasure-scr-data/onshore_wind/physical_risk/CONUS13K_Cell_271731_WY_WEIM_OnshoreWind_physical_risks.xlsx,False,0,False,0
271732,188,1012,43.0,-107.0,WY,gs://infrasure-scr-data/onshore_wind/physical_risk/CONUS13K_Cell_271732_WY_WEIM_OnshoreWind_physical_risks.xlsx,False,0,False,0
271733,188,1013,43.0,-106.75,WY,gs://infrasure-scr-data/onshore_wind/physical_risk/CONUS13K_Cell_271733_WY_WEIM_OnshoreWind_physical_risks.xlsx,False,0,False,0
271735,188,1015,43.0,-106.25,WY,gs://infrasure-scr-data/onshore_wind/physical_risk/CONUS13K_Cell_271735_WY_WEIM_OnshoreWind_physical_risks.xlsx,False,0,False,0
271736,188,1016,43.0,-106.0,WY,gs://infrasure-scr-data/onshore_wind/physical_risk/CONUS13K_Cell_271736_WY_WEIM_OnshoreWind_physical_risks.xlsx,False,0,False,0
271737,188,1017,43.0,-105.75,WY,gs://infrasure-scr-data/onshore_wind/physical_risk/CONUS13K_Cell_271737_WY_WEIM_OnshoreWind_physical_risks.xlsx,False,0,False,0
271738,188,1018,43.0,-105.5,WY,gs://infrasure-scr-data/onshore_wind/physical_risk/CONUS13K_Cell_271738_WY_WEIM_OnshoreWind_physical_risks.xlsx,False,0,False,0
271739,188,1019,43.0,-105.25,WY,gs://infrasure-scr-data/onshore_wind/physical_risk/CONUS13K_Cell_271739_WY_WEIM_OnshoreWind_physical_risks.xlsx,False,0,False,0
271741,188,1021,43.0,-104.75,WY,gs://infrasure-scr-data/onshore_wind/physical_risk/CONUS13K_Cell_271741_WY_WEIM_OnshoreWind_physical_risks.xlsx,False,0,False,0
271762,188,1042,43.0,-99.5,SD,gs://infrasure-scr-data/onshore_wind/physical_risk/CONUS13K_Cell_271762_SD_MISO_OnshoreWind_physical_risks.xlsx,False,0,False,0
271808,188,1088,43.0,-88.0,WI,gs://infrasure-scr-data/onshore_wind/physical_risk/CONUS13K_Cell_271808_WI_MISO_OnshoreWind_physical_risks.xlsx,False,0,False,0
271824,188,1104,43.0,-84.0,MI,gs://infrasure-scr-data/onshore_wind/physical_risk/CONUS13K_Cell_271824_MI_MISO_OnshoreWind_physical_risks.xlsx,False,0,False,0
271865,188,1145,43.0,-73.75,NY,gs://infrasure-scr-data/onshore_wind/physical_risk/CONUS13K_Cell_271865_NY_NYISO_OnshoreWind_physical_risks.xlsx,False,0,False,0
273122,189,962,42.75,-119.5,OR,gs://infrasure-scr-data/onshore_wind/physical_risk/CONUS13K_Cell_273122_OR_WEIM_OnshoreWind_physical_risks.xlsx,False,0,False,0
273127,189,967,42.75,-118.25,OR,gs://infrasure-scr-data/onshore_wind/physical_risk/CONUS13K_Cell_273127_OR_WEIM_OnshoreWind_physical_risks.xlsx,False,0,False,0
273129,189,969,42.75,-117.75,OR,gs://infrasure-scr-data/onshore_wind/physical_risk/CONUS13K_Cell_273129_OR_WEIM_OnshoreWind_physical_risks.xlsx,False,0,False,0
273130,189,970,42.75,-117.5,OR,gs://infrasure-scr-data/onshore_wind/physical_risk/CONUS13K_Cell_273130_OR_WEIM_OnshoreWind_physical_risks.xlsx,False,0,False,0
273139,189,979,42.75,-115.25,ID,gs://infrasure-scr-data/onshore_wind/physical_risk/CONUS13K_Cell_273139_ID_WEIM_OnshoreWind_physical_risks.xlsx,False,0,False,0
273140,189,980,42.75,-115.0,ID,gs://infrasure-scr-data/onshore_wind/physical_risk/CONUS13K_Cell_273140_ID_WEIM_OnshoreWind_physical_risks.xlsx,False,0,False,0
273143,189,983,42.75,-114.25,ID,gs://infrasure-scr-data/onshore_wind/physical_risk/CONUS13K_Cell_273143_ID_WEIM_OnshoreWind_physical_risks.xlsx,False,0,False,0
273167,189,1007,42.75,-108.25,WY,gs://infrasure-scr-data/onshore_wind/physical_risk/CONUS13K_Cell_273167_WY_WEIM_OnshoreWind_physical_risks.xlsx,False,0,False,0
273168,189,1008,42.75,-108.0,WY,gs://infrasure-scr-data/onshore_wind/physical_risk/CONUS13K_Cell_273168_WY_WEIM_OnshoreWind_physical_risks.xlsx,False,0,False,0
273169,189,1009,42.75,-107.75,WY,gs://infrasure-scr-data/onshore_wind/physical_risk/CONUS13K_Cell_273169_WY_WEIM_OnshoreWind_physical_risks.xlsx,False,0,False,0
273173,189,1013,42.75,-106.75,WY,gs://infrasure-scr-data/onshore_wind/physical_risk/CONUS13K_Cell_273173_WY_WEIM_OnshoreWind_physical_risks.xlsx,False,0,False,0
273194,189,1034,42.75,-101.5,NE,gs://infrasure-scr-data/onshore_wind/physical_risk/CONUS13K_Cell_273194_NE_SPP_OnshoreWind_physical_risks.xlsx,False,0,False,0
273196,189,1036,42.75,-101.0,NE,gs://infrasure-scr-data/onshore_wind/physical_risk/CONUS13K_Cell_273196_NE_SPP_OnshoreWind_physical_risks.xlsx,False,0,False,0
273293,189,1133,42.75,-76.75,NY,gs://infrasure-scr-data/onshore_wind/physical_risk/CONUS13K_Cell_273293_NY_NYISO_OnshoreWind_physical_risks.xlsx,False,0,False,0
274562,190,962,42.5,-119.5,OR,gs://infrasure-scr-data/onshore_wind/physical_risk/CONUS13K_Cell_274562_OR_WEIM_OnshoreWind_physical_risks.xlsx,False,0,False,0
274563,190,963,42.5,-119.25,OR,gs://infrasure-scr-data/onshore_wind/physical_risk/CONUS13K_Cell_274563_OR_WEIM_OnshoreWind_physical_risks.xlsx,False,0,False,0
274564,190,964,42.5,-119.0,OR,gs://infrasure-scr-data/onshore_wind/physical_risk/CONUS13K_Cell_274564_OR_WEIM_OnshoreWind_physical_risks.xlsx,False,0,False,0
274568,190,968,42.5,-118.0,OR,gs://infrasure-scr-data/onshore_wind/physical_risk/CONUS13K_Cell_274568_OR_WEIM_OnshoreWind_physical_risks.xlsx,False,0,False,0
274569,190,969,42.5,-117.75,OR,gs://infrasure-scr-data/onshore_wind/physical_risk/CONUS13K_Cell_274569_OR_WEIM_OnshoreWind_physical_risks.xlsx,False,0,False,0
274570,190,970,42.5,-117.5,OR,gs://infrasure-scr-data/onshore_wind/physical_risk/CONUS13K_Cell_274570_OR_WEIM_OnshoreWind_physical_risks.xlsx,False,0,False,0
274571,190,971,42.5,-117.25,OR,gs://infrasure-scr-data/onshore_wind/physical_risk/CONUS13K_Cell_274571_OR_WEIM_OnshoreWind_physical_risks.xlsx,False,0,False,0
274574,190,974,42.5,-116.5,ID,gs://infrasure-scr-data/onshore_wind/physical_risk/CONUS13K_Cell_274574_ID_WEIM_OnshoreWind_physical_risks.xlsx,False,0,False,0
274575,190,975,42.5,-116.25,ID,gs://infrasure-scr-data/onshore_wind/physical_risk/CONUS13K_Cell_274575_ID_WEIM_OnshoreWind_physical_risks.xlsx,False,0,False,0
274579,190,979,42.5,-115.25,ID,gs://infrasure-scr-data/onshore_wind/physical_risk/CONUS13K_Cell_274579_ID_WEIM_OnshoreWind_physical_risks.xlsx,False,0,False,0
274580,190,980,42.5,-115.0,ID,gs://infrasure-scr-data/onshore_wind/physical_risk/CONUS13K_Cell_274580_ID_WEIM_OnshoreWind_physical_risks.xlsx,False,0,False,0
274601,190,1001,42.5,-109.75,WY,gs://infrasure-scr-data/onshore_wind/physical_risk/CONUS13K_Cell_274601_WY_WEIM_OnshoreWind_physical_risks.xlsx,False,0,False,0
274602,190,1002,42.5,-109.5,WY,gs://infrasure-scr-data/onshore_wind/physical_risk/CONUS13K_Cell_274602_WY_WEIM_OnshoreWind_physical_risks.xlsx,False,0,False,0
274609,190,1009,42.5,-107.75,WY,gs://infrasure-scr-data/onshore_wind/physical_risk/CONUS13K_Cell_274609_WY_WEIM_OnshoreWind_physical_risks.xlsx,False,0,False,0
274610,190,1010,42.5,-107.5,WY,gs://infrasure-scr-data/onshore_wind/physical_risk/CONUS13K_Cell_274610_WY_WEIM_OnshoreWind_physical_risks.xlsx,False,0,False,0
274611,190,1011,42.5,-107.25,WY,gs://infrasure-scr-data/onshore_wind/physical_risk/CONUS13K_Cell_274611_WY_WEIM_OnshoreWind_physical_risks.xlsx,False,0,False,0
274624,190,1024,42.5,-104.0,NE,gs://infrasure-scr-data/onshore_wind/physical_risk/CONUS13K_Cell_274624_NE_SPP_OnshoreWind_physical_risks.xlsx,False,0,False,0
274625,190,1025,42.5,-103.75,NE,gs://infrasure-scr-data/onshore_wind/physical_risk/CONUS13K_Cell_274625_NE_SPP_OnshoreWind_physical_risks.xlsx,False,0,False,0
274631,190,1031,42.5,-102.25,NE,gs://infrasure-scr-data/onshore_wind/physical_risk/CONUS13K_Cell_274631_NE_SPP_OnshoreWind_physical_risks.xlsx,False,0,False,0
274632,190,1032,42.5,-102.0,NE,gs://infrasure-scr-data/onshore_wind/physical_risk/CONUS13K_Cell_274632_NE_SPP_OnshoreWind_physical_risks.xlsx,False,0,False,0
274633,190,1033,42.5,-101.75,NE,gs://infrasure-scr-data/onshore_wind/physical_risk/CONUS13K_Cell_274633_NE_SPP_OnshoreWind_physical_risks.xlsx,False,0,False,0
274635,190,1035,42.5,-101.25,NE,gs://infrasure-scr-data/onshore_wind/physical_risk/CONUS13K_Cell_274635_NE_SPP_OnshoreWind_physical_risks.xlsx,False,0,False,0
274636,190,1036,42.5,-101.0,NE,gs://infrasure-scr-data/onshore_wind/physical_risk/CONUS13K_Cell_274636_NE_SPP_OnshoreWind_physical_risks.xlsx,False,0,False,0
274645,190,1045,42.5,-98.75,NE,gs://infrasure-scr-data/onshore_wind/physical_risk/CONUS13K_Cell_274645_NE_SPP_OnshoreWind_physical_risks.xlsx,False,0,False,0
274646,190,1046,42.5,-98.5,NE,gs://infrasure-scr-data/onshore_wind/physical_risk/CONUS13K_Cell_274646_NE_SPP_OnshoreWind_physical_risks.xlsx,False,0,False,0
274671,190,1071,42.5,-92.25,IA,gs://infrasure-scr-data/onshore_wind/physical_risk/CONUS13K_Cell_274671_IA_MISO_OnshoreWind_physical_risks.xlsx,False,0,False,0
274677,190,1077,42.5,-90.75,IA,gs://infrasure-scr-data/onshore_wind/physical_risk/CONUS13K_Cell_274677_IA_MISO_OnshoreWind_physical_risks.xlsx,False,0,False,0
274707,190,1107,42.5,-83.25,MI,gs://infrasure-scr-data/onshore_wind/physical_risk/CONUS13K_Cell_274707_MI_MISO_OnshoreWind_physical_risks.xlsx,False,0,False,0
274708,190,1108,42.5,-83.0,MI,gs://infrasure-scr-data/onshore_wind/physical_risk/CONUS13K_Cell_274708_MI_MISO_OnshoreWind_physical_risks.xlsx,False,0,False,0
276003,191,963,42.25,-119.25,OR,gs://infrasure-scr-data/onshore_wind/physical_risk/CONUS13K_Cell_276003_OR_WEIM_OnshoreWind_physical_risks.xlsx,False,0,False,0
276004,191,964,42.25,-119.0,OR,gs://infrasure-scr-data/onshore_wind/physical_risk/CONUS13K_Cell_276004_OR_WEIM_OnshoreWind_physical_risks.xlsx,False,0,False,0
276006,191,966,42.25,-118.5,OR,gs://infrasure-scr-data/onshore_wind/physical_risk/CONUS13K_Cell_276006_OR_WEIM_OnshoreWind_physical_risks.xlsx,False,0,False,0
276009,191,969,42.25,-117.75,OR,gs://infrasure-scr-data/onshore_wind/physical_risk/CONUS13K_Cell_276009_OR_WEIM_OnshoreWind_physical_risks.xlsx,False,0,False,0
276010,191,970,42.25,-117.5,OR,gs://infrasure-scr-data/onshore_wind/physical_risk/CONUS13K_Cell_276010_OR_WEIM_OnshoreWind_physical_risks.xlsx,False,0,False,0
276012,191,972,42.25,-117.0,ID,gs://infrasure-scr-data/onshore_wind/physical_risk/CONUS13K_Cell_276012_ID_WEIM_OnshoreWind_physical_risks.xlsx,False,0,False,0
276018,191,978,42.25,-115.5,ID,gs://infrasure-scr-data/onshore_wind/physical_risk/CONUS13K_Cell_276018_ID_WEIM_OnshoreWind_physical_risks.xlsx,False,0,False,0
276044,191,1004,42.25,-109.0,WY,gs://infrasure-scr-data/onshore_wind/physical_risk/CONUS13K_Cell_276044_WY_WEIM_OnshoreWind_physical_risks.xlsx,False,0,False,0
276045,191,1005,42.25,-108.75,WY,gs://infrasure-scr-data/onshore_wind/physical_risk/CONUS13K_Cell_276045_WY_WEIM_OnshoreWind_physical_risks.xlsx,False,0,False,0
276047,191,1007,42.25,-108.25,WY,gs://infrasure-scr-data/onshore_wind/physical_risk/CONUS13K_Cell_276047_WY_WEIM_OnshoreWind_physical_risks.xlsx,False,0,False,0
276048,191,1008,42.25,-108.0,WY,gs://infrasure-scr-data/onshore_wind/physical_risk/CONUS13K_Cell_276048_WY_WEIM_OnshoreWind_physical_risks.xlsx,False,0,False,0
276054,191,1014,42.25,-106.5,WY,gs://infrasure-scr-data/onshore_wind/physical_risk/CONUS13K_Cell_276054_WY_WEIM_OnshoreWind_physical_risks.xlsx,False,0,False,0
276055,191,1015,42.25,-106.25,WY,gs://infrasure-scr-data/onshore_wind/physical_risk/CONUS13K_Cell_276055_WY_WEIM_OnshoreWind_physical_risks.xlsx,False,0,False,0
276056,191,1016,42.25,-106.0,WY,gs://infrasure-scr-data/onshore_wind/physical_risk/CONUS13K_Cell_276056_WY_WEIM_OnshoreWind_physical_risks.xlsx,False,0,False,0
276062,191,1022,42.25,-104.5,WY,gs://infrasure-scr-data/onshore_wind/physical_risk/CONUS13K_Cell_276062_WY_WEIM_OnshoreWind_physical_risks.xlsx,False,0,False,0
276066,191,1026,42.25,-103.5,NE,gs://infrasure-scr-data/onshore_wind/physical_risk/CONUS13K_Cell_276066_NE_SPP_OnshoreWind_physical_risks.xlsx,False,0,False,0
276074,191,1034,42.25,-101.5,NE,gs://infrasure-scr-data/onshore_wind/physical_risk/CONUS13K_Cell_276074_NE_SPP_OnshoreWind_physical_risks.xlsx,False,0,False,0
276080,191,1040,42.25,-100.0,NE,gs://infrasure-scr-data/onshore_wind/physical_risk/CONUS13K_Cell_276080_NE_SPP_OnshoreWind_physical_risks.xlsx,False,0,False,0
276081,191,1041,42.25,-99.75,NE,gs://infrasure-scr-data/onshore_wind/physical_risk/CONUS13K_Cell_276081_NE_SPP_OnshoreWind_physical_risks.xlsx,False,0,False,0
276083,191,1043,42.25,-99.25,NE,gs://infrasure-scr-data/onshore_wind/physical_risk/CONUS13K_Cell_276083_NE_SPP_OnshoreWind_physical_risks.xlsx,False,0,False,0
276098,191,1058,42.25,-95.5,IA,gs://infrasure-scr-data/onshore_wind/physical_risk/CONUS13K_Cell_276098_IA_MISO_OnshoreWind_physical_risks.xlsx,False,0,False,0
276145,191,1105,42.25,-83.75,MI,gs://infrasure-scr-data/onshore_wind/physical_risk/CONUS13K_Cell_276145_MI_MISO_OnshoreWind_physical_risks.xlsx,False,0,False,0
277442,192,962,42.0,-119.5,OR,gs://infrasure-scr-data/onshore_wind/physical_risk/CONUS13K_Cell_277442_OR_WEIM_OnshoreWind_physical_risks.xlsx,False,0,False,0
277443,192,963,42.0,-119.25,OR,gs://infrasure-scr-data/onshore_wind/physical_risk/CONUS13K_Cell_277443_OR_WEIM_OnshoreWind_physical_risks.xlsx,False,0,False,0
277444,192,964,42.0,-119.0,OR,gs://infrasure-scr-data/onshore_wind/physical_risk/CONUS13K_Cell_277444_OR_WEIM_OnshoreWind_physical_risks.xlsx,False,0,False,0
277446,192,966,42.0,-118.5,OR,gs://infrasure-scr-data/onshore_wind/physical_risk/CONUS13K_Cell_277446_OR_WEIM_OnshoreWind_physical_risks.xlsx,False,0,False,0
277451,192,971,42.0,-117.25,OR,gs://infrasure-scr-data/onshore_wind/physical_risk/CONUS13K_Cell_277451_OR_WEIM_OnshoreWind_physical_risks.xlsx,False,0,False,0
277452,192,972,42.0,-117.0,NV,gs://infrasure-scr-data/onshore_wind/physical_risk/CONUS13K_Cell_277452_NV_WEIM_OnshoreWind_physical_risks.xlsx,False,0,False,0
277453,192,973,42.0,-116.75,NV,gs://infrasure-scr-data/onshore_wind/physical_risk/CONUS13K_Cell_277453_NV_WEIM_OnshoreWind_physical_risks.xlsx,False,0,False,0
277454,192,974,42.0,-116.5,ID,gs://infrasure-scr-data/onshore_wind/physical_risk/CONUS13K_Cell_277454_ID_WEIM_OnshoreWind_physical_risks.xlsx,False,0,False,0
277468,192,988,42.0,-113.0,ID,gs://infrasure-scr-data/onshore_wind/physical_risk/CONUS13K_Cell_277468_ID_WEIM_OnshoreWind_physical_risks.xlsx,False,0,False,0
277481,192,1001,42.0,-109.75,WY,gs://infrasure-scr-data/onshore_wind/physical_risk/CONUS13K_Cell_277481_WY_WEIM_OnshoreWind_physical_risks.xlsx,False,0,False,0
277482,192,1002,42.0,-109.5,WY,gs://infrasure-scr-data/onshore_wind/physical_risk/CONUS13K_Cell_277482_WY_WEIM_OnshoreWind_physical_risks.xlsx,False,0,False,0
277486,192,1006,42.0,-108.5,WY,gs://infrasure-scr-data/onshore_wind/physical_risk/CONUS13K_Cell_277486_WY_WEIM_OnshoreWind_physical_risks.xlsx,False,0,False,0
277487,192,1007,42.0,-108.25,WY,gs://infrasure-scr-data/onshore_wind/physical_risk/CONUS13K_Cell_277487_WY_WEIM_OnshoreWind_physical_risks.xlsx,False,0,False,0
277489,192,1009,42.0,-107.75,WY,gs://infrasure-scr-data/onshore_wind/physical_risk/CONUS13K_Cell_277489_WY_WEIM_OnshoreWind_physical_risks.xlsx,False,0,False,0
277490,192,1010,42.0,-107.5,WY,gs://infrasure-scr-data/onshore_wind/physical_risk/CONUS13K_Cell_277490_WY_WEIM_OnshoreWind_physical_risks.xlsx,False,0,False,0
277492,192,1012,42.0,-107.0,WY,gs://infrasure-scr-data/onshore_wind/physical_risk/CONUS13K_Cell_277492_WY_WEIM_OnshoreWind_physical_risks.xlsx,False,0,False,0
277493,192,1013,42.0,-106.75,WY,gs://infrasure-scr-data/onshore_wind/physical_risk/CONUS13K_Cell_277493_WY_WEIM_OnshoreWind_physical_risks.xlsx,False,0,False,0
277495,192,1015,42.0,-106.25,WY,gs://infrasure-scr-data/onshore_wind/physical_risk/CONUS13K_Cell_277495_WY_WEIM_OnshoreWind_physical_risks.xlsx,False,0,False,0
277496,192,1016,42.0,-106.0,WY,gs://infrasure-scr-data/onshore_wind/physical_risk/CONUS13K_Cell_277496_WY_WEIM_OnshoreWind_physical_risks.xlsx,False,0,False,0
277501,192,1021,42.0,-104.75,WY,gs://infrasure-scr-data/onshore_wind/physical_risk/CONUS13K_Cell_277501_WY_WEIM_OnshoreWind_physical_risks.xlsx,False,0,False,0
277502,192,1022,42.0,-104.5,WY,gs://infrasure-scr-data/onshore_wind/physical_risk/CONUS13K_Cell_277502_WY_WEIM_OnshoreWind_physical_risks.xlsx,False,0,False,0
277506,192,1026,42.0,-103.5,NE,gs://infrasure-scr-data/onshore_wind/physical_risk/CONUS13K_Cell_277506_NE_SPP_OnshoreWind_physical_risks.xlsx,False,0,False,0
277539,192,1059,42.0,-95.25,IA,gs://infrasure-scr-data/onshore_wind/physical_risk/CONUS13K_Cell_277539_IA_MISO_OnshoreWind_physical_risks.xlsx,False,0,False,0
277545,192,1065,42.0,-93.75,IA,gs://infrasure-scr-data/onshore_wind/physical_risk/CONUS13K_Cell_277545_IA_MISO_OnshoreWind_physical_risks.xlsx,False,0,False,0
277557,192,1077,42.0,-90.75,IA,gs://infrasure-scr-data/onshore_wind/physical_risk/CONUS13K_Cell_277557_IA_MISO_OnshoreWind_physical_risks.xlsx,False,0,False,0
277560,192,1080,42.0,-90.0,IL,gs://infrasure-scr-data/onshore_wind/physical_risk/CONUS13K_Cell_277560_IL_MISO_OnshoreWind_physical_risks.xlsx,False,0,False,0
277568,192,1088,42.0,-88.0,IL,gs://infrasure-scr-data/onshore_wind/physical_risk/CONUS13K_Cell_277568_IL_PJM_OnshoreWind_physical_risks.xlsx,False,0,False,0
277569,192,1089,42.0,-87.75,IL,gs://infrasure-scr-data/onshore_wind/physical_risk/CONUS13K_Cell_277569_IL_PJM_OnshoreWind_physical_risks.xlsx,False,0,False,0
278886,193,966,41.75,-118.5,NV,gs://infrasure-scr-data/onshore_wind/physical_risk/CONUS13K_Cell_278886_NV_WEIM_OnshoreWind_physical_risks.xlsx,False,0,False,0
278889,193,969,41.75,-117.75,NV,gs://infrasure-scr-data/onshore_wind/physical_risk/CONUS13K_Cell_278889_NV_WEIM_OnshoreWind_physical_risks.xlsx,False,0,False,0
278891,193,971,41.75,-117.25,NV,gs://infrasure-scr-data/onshore_wind/physical_risk/CONUS13K_Cell_278891_NV_WEIM_OnshoreWind_physical_risks.xlsx,False,0,False,0
278892,193,972,41.75,-117.0,NV,gs://infrasure-scr-data/onshore_wind/physical_risk/CONUS13K_Cell_278892_NV_WEIM_OnshoreWind_physical_risks.xlsx,False,0,False,0
278893,193,973,41.75,-116.75,NV,gs://infrasure-scr-data/onshore_wind/physical_risk/CONUS13K_Cell_278893_NV_WEIM_OnshoreWind_physical_risks.xlsx,False,0,False,0
278894,193,974,41.75,-116.5,NV,gs://infrasure-scr-data/onshore_wind/physical_risk/CONUS13K_Cell_278894_NV_WEIM_OnshoreWind_physical_risks.xlsx,False,0,False,0
278903,193,983,41.75,-114.25,NV,gs://infrasure-scr-data/onshore_wind/physical_risk/CONUS13K_Cell_278903_NV_WEIM_OnshoreWind_physical_risks.xlsx,False,0,False,0
278907,193,987,41.75,-113.25,UT,gs://infrasure-scr-data/onshore_wind/physical_risk/CONUS13K_Cell_278907_UT_WEIM_OnshoreWind_physical_risks.xlsx,False,0,False,0
278924,193,1004,41.75,-109.0,WY,gs://infrasure-scr-data/onshore_wind/physical_risk/CONUS13K_Cell_278924_WY_WEIM_OnshoreWind_physical_risks.xlsx,False,0,False,0
278925,193,1005,41.75,-108.75,WY,gs://infrasure-scr-data/onshore_wind/physical_risk/CONUS13K_Cell_278925_WY_WEIM_OnshoreWind_physical_risks.xlsx,False,0,False,0
278926,193,1006,41.75,-108.5,WY,gs://infrasure-scr-data/onshore_wind/physical_risk/CONUS13K_Cell_278926_WY_WEIM_OnshoreWind_physical_risks.xlsx,False,0,False,0
278928,193,1008,41.75,-108.0,WY,gs://infrasure-scr-data/onshore_wind/physical_risk/CONUS13K_Cell_278928_WY_WEIM_OnshoreWind_physical_risks.xlsx,False,0,False,0
278929,193,1009,41.75,-107.75,WY,gs://infrasure-scr-data/onshore_wind/physical_risk/CONUS13K_Cell_278929_WY_WEIM_OnshoreWind_physical_risks.xlsx,False,0,False,0
278931,193,1011,41.75,-107.25,WY,gs://infrasure-scr-data/onshore_wind/physical_risk/CONUS13K_Cell_278931_WY_WEIM_OnshoreWind_physical_risks.xlsx,False,0,False,0
278932,193,1012,41.75,-107.0,WY,gs://infrasure-scr-data/onshore_wind/physical_risk/CONUS13K_Cell_278932_WY_WEIM_OnshoreWind_physical_risks.xlsx,False,0,False,0
278935,193,1015,41.75,-106.25,WY,gs://infrasure-scr-data/onshore_wind/physical_risk/CONUS13K_Cell_278935_WY_WEIM_OnshoreWind_physical_risks.xlsx,False,0,False,0
278936,193,1016,41.75,-106.0,WY,gs://infrasure-scr-data/onshore_wind/physical_risk/CONUS13K_Cell_278936_WY_WEIM_OnshoreWind_physical_risks.xlsx,False,0,False,0
278937,193,1017,41.75,-105.75,WY,gs://infrasure-scr-data/onshore_wind/physical_risk/CONUS13K_Cell_278937_WY_WEIM_OnshoreWind_physical_risks.xlsx,False,0,False,0
278941,193,1021,41.75,-104.75,WY,gs://infrasure-scr-data/onshore_wind/physical_risk/CONUS13K_Cell_278941_WY_WEIM_OnshoreWind_physical_risks.xlsx,False,0,False,0
278944,193,1024,41.75,-104.0,NE,gs://infrasure-scr-data/onshore_wind/physical_risk/CONUS13K_Cell_278944_NE_SPP_OnshoreWind_physical_risks.xlsx,False,0,False,0
278949,193,1029,41.75,-102.75,NE,gs://infrasure-scr-data/onshore_wind/physical_risk/CONUS13K_Cell_278949_NE_SPP_OnshoreWind_physical_risks.xlsx,False,0,False,0
278952,193,1032,41.75,-102.0,NE,gs://infrasure-scr-data/onshore_wind/physical_risk/CONUS13K_Cell_278952_NE_SPP_OnshoreWind_physical_risks.xlsx,False,0,False,0
278955,193,1035,41.75,-101.25,NE,gs://infrasure-scr-data/onshore_wind/physical_risk/CONUS13K_Cell_278955_NE_SPP_OnshoreWind_physical_risks.xlsx,False,0,False,0
279008,193,1088,41.75,-88.0,IL,gs://infrasure-scr-data/onshore_wind/physical_risk/CONUS13K_Cell_279008_IL_PJM_OnshoreWind_physical_risks.xlsx,False,0,False,0
279009,193,1089,41.75,-87.75,IL,gs://infrasure-scr-data/onshore_wind/physical_risk/CONUS13K_Cell_279009_IL_PJM_OnshoreWind_physical_risks.xlsx,False,0,False,0
279025,193,1105,41.75,-83.75,MI,gs://infrasure-scr-data/onshore_wind/physical_risk/CONUS13K_Cell_279025_MI_MISO_OnshoreWind_physical_risks.xlsx,False,0,False,0
279026,193,1106,41.75,-83.5,MI,gs://infrasure-scr-data/onshore_wind/physical_risk/CONUS13K_Cell_279026_MI_MISO_OnshoreWind_physical_risks.xlsx,False,0,False,0
280323,194,963,41.5,-119.25,NV,gs://infrasure-scr-data/onshore_wind/physical_risk/CONUS13K_Cell_280323_NV_WEIM_OnshoreWind_physical_risks.xlsx,False,0,False,0
280325,194,965,41.5,-118.75,NV,gs://infrasure-scr-data/onshore_wind/physical_risk/CONUS13K_Cell_280325_NV_WEIM_OnshoreWind_physical_risks.xlsx,False,0,False,0
280328,194,968,41.5,-118.0,NV,gs://infrasure-scr-data/onshore_wind/physical_risk/CONUS13K_Cell_280328_NV_WEIM_OnshoreWind_physical_risks.xlsx,False,0,False,0
280333,194,973,41.5,-116.75,NV,gs://infrasure-scr-data/onshore_wind/physical_risk/CONUS13K_Cell_280333_NV_WEIM_OnshoreWind_physical_risks.xlsx,False,0,False,0
280334,194,974,41.5,-116.5,NV,gs://infrasure-scr-data/onshore_wind/physical_risk/CONUS13K_Cell_280334_NV_WEIM_OnshoreWind_physical_risks.xlsx,False,0,False,0
280338,194,978,41.5,-115.5,NV,gs://infrasure-scr-data/onshore_wind/physical_risk/CONUS13K_Cell_280338_NV_WEIM_OnshoreWind_physical_risks.xlsx,False,0,False,0
280341,194,981,41.5,-114.75,NV,gs://infrasure-scr-data/onshore_wind/physical_risk/CONUS13K_Cell_280341_NV_WEIM_OnshoreWind_physical_risks.xlsx,False,0,False,0
280346,194,986,41.5,-113.5,UT,gs://infrasure-scr-data/onshore_wind/physical_risk/CONUS13K_Cell_280346_UT_WEIM_OnshoreWind_physical_risks.xlsx,False,0,False,0
280347,194,987,41.5,-113.25,UT,gs://infrasure-scr-data/onshore_wind/physical_risk/CONUS13K_Cell_280347_UT_WEIM_OnshoreWind_physical_risks.xlsx,False,0,False,0
280348,194,988,41.5,-113.0,UT,gs://infrasure-scr-data/onshore_wind/physical_risk/CONUS13K_Cell_280348_UT_WEIM_OnshoreWind_physical_risks.xlsx,False,0,False,0
280351,194,991,41.5,-112.25,UT,gs://infrasure-scr-data/onshore_wind/physical_risk/CONUS13K_Cell_280351_UT_WEIM_OnshoreWind_physical_risks.xlsx,False,0,False,0
280359,194,999,41.5,-110.25,WY,gs://infrasure-scr-data/onshore_wind/physical_risk/CONUS13K_Cell_280359_WY_WEIM_OnshoreWind_physical_risks.xlsx,False,0,False,0
280360,194,1000,41.5,-110.0,WY,gs://infrasure-scr-data/onshore_wind/physical_risk/CONUS13K_Cell_280360_WY_WEIM_OnshoreWind_physical_risks.xlsx,False,0,False,0
280365,194,1005,41.5,-108.75,WY,gs://infrasure-scr-data/onshore_wind/physical_risk/CONUS13K_Cell_280365_WY_WEIM_OnshoreWind_physical_risks.xlsx,False,0,False,0
280369,194,1009,41.5,-107.75,WY,gs://infrasure-scr-data/onshore_wind/physical_risk/CONUS13K_Cell_280369_WY_WEIM_OnshoreWind_physical_risks.xlsx,False,0,False,0
280376,194,1016,41.5,-106.0,WY,gs://infrasure-scr-data/onshore_wind/physical_risk/CONUS13K_Cell_280376_WY_WEIM_OnshoreWind_physical_risks.xlsx,False,0,False,0
280380,194,1020,41.5,-105.0,WY,gs://infrasure-scr-data/onshore_wind/physical_risk/CONUS13K_Cell_280380_WY_WEIM_OnshoreWind_physical_risks.xlsx,False,0,False,0
280381,194,1021,41.5,-104.75,WY,gs://infrasure-scr-data/onshore_wind/physical_risk/CONUS13K_Cell_280381_WY_WEIM_OnshoreWind_physical_risks.xlsx,False,0,False,0
280390,194,1030,41.5,-102.5,NE,gs://infrasure-scr-data/onshore_wind/physical_risk/CONUS13K_Cell_280390_NE_SPP_OnshoreWind_physical_risks.xlsx,False,0,False,0
280396,194,1036,41.5,-101.0,NE,gs://infrasure-scr-data/onshore_wind/physical_risk/CONUS13K_Cell_280396_NE_SPP_OnshoreWind_physical_risks.xlsx,False,0,False,0
280413,194,1053,41.5,-96.75,NE,gs://infrasure-scr-data/onshore_wind/physical_risk/CONUS13K_Cell_280413_NE_SPP_OnshoreWind_physical_risks.xlsx,False,0,False,0
280418,194,1058,41.5,-95.5,IA,gs://infrasure-scr-data/onshore_wind/physical_risk/CONUS13K_Cell_280418_IA_MISO_OnshoreWind_physical_risks.xlsx,False,0,False,0
280419,194,1059,41.5,-95.25,IA,gs://infrasure-scr-data/onshore_wind/physical_risk/CONUS13K_Cell_280419_IA_MISO_OnshoreWind_physical_risks.xlsx,False,0,False,0
280420,194,1060,41.5,-95.0,IA,gs://infrasure-scr-data/onshore_wind/physical_risk/CONUS13K_Cell_280420_IA_MISO_OnshoreWind_physical_risks.xlsx,False,0,False,0
280421,194,1061,41.5,-94.75,IA,gs://infrasure-scr-data/onshore_wind/physical_risk/CONUS13K_Cell_280421_IA_MISO_OnshoreWind_physical_risks.xlsx,False,0,False,0
280433,194,1073,41.5,-91.75,IA,gs://infrasure-scr-data/onshore_wind/physical_risk/CONUS13K_Cell_280433_IA_MISO_OnshoreWind_physical_risks.xlsx,False,0,False,0
280465,194,1105,41.5,-83.75,OH,gs://infrasure-scr-data/onshore_wind/physical_risk/CONUS13K_Cell_280465_OH_PJM_OnshoreWind_physical_risks.xlsx,False,0,False,0
280466,194,1106,41.5,-83.5,OH,gs://infrasure-scr-data/onshore_wind/physical_risk/CONUS13K_Cell_280466_OH_PJM_OnshoreWind_physical_risks.xlsx,False,0,False,0
280467,194,1107,41.5,-83.25,OH,gs://infrasure-scr-data/onshore_wind/physical_risk/CONUS13K_Cell_280467_OH_PJM_OnshoreWind_physical_risks.xlsx,False,0,False,0
281765,195,965,41.25,-118.75,NV,gs://infrasure-scr-data/onshore_wind/physical_risk/CONUS13K_Cell_281765_NV_WEIM_OnshoreWind_physical_risks.xlsx,False,0,False,0
281767,195,967,41.25,-118.25,NV,gs://infrasure-scr-data/onshore_wind/physical_risk/CONUS13K_Cell_281767_NV_WEIM_OnshoreWind_physical_risks.xlsx,False,0,False,0
281770,195,970,41.25,-117.5,NV,gs://infrasure-scr-data/onshore_wind/physical_risk/CONUS13K_Cell_281770_NV_WEIM_OnshoreWind_physical_risks.xlsx,False,0,False,0
281771,195,971,41.25,-117.25,NV,gs://infrasure-scr-data/onshore_wind/physical_risk/CONUS13K_Cell_281771_NV_WEIM_OnshoreWind_physical_risks.xlsx,False,0,False,0
281778,195,978,41.25,-115.5,NV,gs://infrasure-scr-data/onshore_wind/physical_risk/CONUS13K_Cell_281778_NV_WEIM_OnshoreWind_physical_risks.xlsx,False,0,False,0
281782,195,982,41.25,-114.5,NV,gs://infrasure-scr-data/onshore_wind/physical_risk/CONUS13K_Cell_281782_NV_WEIM_OnshoreWind_physical_risks.xlsx,False,0,False,0
281783,195,983,41.25,-114.25,NV,gs://infrasure-scr-data/onshore_wind/physical_risk/CONUS13K_Cell_281783_NV_WEIM_OnshoreWind_physical_risks.xlsx,False,0,False,0
281785,195,985,41.25,-113.75,UT,gs://infrasure-scr-data/onshore_wind/physical_risk/CONUS13K_Cell_281785_UT_WEIM_OnshoreWind_physical_risks.xlsx,False,0,False,0
281786,195,986,41.25,-113.5,UT,gs://infrasure-scr-data/onshore_wind/physical_risk/CONUS13K_Cell_281786_UT_WEIM_OnshoreWind_physical_risks.xlsx,False,0,False,0
281787,195,987,41.25,-113.25,UT,gs://infrasure-scr-data/onshore_wind/physical_risk/CONUS13K_Cell_281787_UT_WEIM_OnshoreWind_physical_risks.xlsx,False,0,False,0
281789,195,989,41.25,-112.75,UT,gs://infrasure-scr-data/onshore_wind/physical_risk/CONUS13K_Cell_281789_UT_WEIM_OnshoreWind_physical_risks.xlsx,False,0,False,0
281801,195,1001,41.25,-109.75,WY,gs://infrasure-scr-data/onshore_wind/physical_risk/CONUS13K_Cell_281801_WY_WEIM_OnshoreWind_physical_risks.xlsx,False,0,False,0
281805,195,1005,41.25,-108.75,WY,gs://infrasure-scr-data/onshore_wind/physical_risk/CONUS13K_Cell_281805_WY_WEIM_OnshoreWind_physical_risks.xlsx,False,0,False,0
281807,195,1007,41.25,-108.25,WY,gs://infrasure-scr-data/onshore_wind/physical_risk/CONUS13K_Cell_281807_WY_WEIM_OnshoreWind_physical_risks.xlsx,False,0,False,0
281821,195,1021,41.25,-104.75,WY,gs://infrasure-scr-data/onshore_wind/physical_risk/CONUS13K_Cell_281821_WY_WEIM_OnshoreWind_physical_risks.xlsx,False,0,False,0
281824,195,1024,41.25,-104.0,NE,gs://infrasure-scr-data/onshore_wind/physical_risk/CONUS13K_Cell_281824_NE_SPP_OnshoreWind_physical_risks.xlsx,False,0,False,0
281830,195,1030,41.25,-102.5,NE,gs://infrasure-scr-data/onshore_wind/physical_risk/CONUS13K_Cell_281830_NE_SPP_OnshoreWind_physical_risks.xlsx,False,0,False,0
281834,195,1034,41.25,-101.5,NE,gs://infrasure-scr-data/onshore_wind/physical_risk/CONUS13K_Cell_281834_NE_SPP_OnshoreWind_physical_risks.xlsx,False,0,False,0
281835,195,1035,41.25,-101.25,NE,gs://infrasure-scr-data/onshore_wind/physical_risk/CONUS13K_Cell_281835_NE_SPP_OnshoreWind_physical_risks.xlsx,False,0,False,0
281858,195,1058,41.25,-95.5,IA,gs://infrasure-scr-data/onshore_wind/physical_risk/CONUS13K_Cell_281858_IA_MISO_OnshoreWind_physical_risks.xlsx,False,0,False,0
281861,195,1061,41.25,-94.75,IA,gs://infrasure-scr-data/onshore_wind/physical_risk/CONUS13K_Cell_281861_IA_MISO_OnshoreWind_physical_risks.xlsx,False,0,False,0
281862,195,1062,41.25,-94.5,IA,gs://infrasure-scr-data/onshore_wind/physical_risk/CONUS13K_Cell_281862_IA_MISO_OnshoreWind_physical_risks.xlsx,False,0,False,0
281932,195,1132,41.25,-77.0,PA,gs://infrasure-scr-data/onshore_wind/physical_risk/CONUS13K_Cell_281932_PA_PJM_OnshoreWind_physical_risks.xlsx,False,0,False,0
283203,196,963,41.0,-119.25,NV,gs://infrasure-scr-data/onshore_wind/physical_risk/CONUS13K_Cell_283203_NV_WEIM_OnshoreWind_physical_risks.xlsx,False,0,False,0
283204,196,964,41.0,-119.0,NV,gs://infrasure-scr-data/onshore_wind/physical_risk/CONUS13K_Cell_283204_NV_WEIM_OnshoreWind_physical_risks.xlsx,False,0,False,0
283205,196,965,41.0,-118.75,NV,gs://infrasure-scr-data/onshore_wind/physical_risk/CONUS13K_Cell_283205_NV_WEIM_OnshoreWind_physical_risks.xlsx,False,0,False,0
283206,196,966,41.0,-118.5,NV,gs://infrasure-scr-data/onshore_wind/physical_risk/CONUS13K_Cell_283206_NV_WEIM_OnshoreWind_physical_risks.xlsx,False,0,False,0
283207,196,967,41.0,-118.25,NV,gs://infrasure-scr-data/onshore_wind/physical_risk/CONUS13K_Cell_283207_NV_WEIM_OnshoreWind_physical_risks.xlsx,False,0,False,0
283208,196,968,41.0,-118.0,NV,gs://infrasure-scr-data/onshore_wind/physical_risk/CONUS13K_Cell_283208_NV_WEIM_OnshoreWind_physical_risks.xlsx,False,0,False,0
283212,196,972,41.0,-117.0,NV,gs://infrasure-scr-data/onshore_wind/physical_risk/CONUS13K_Cell_283212_NV_WEIM_OnshoreWind_physical_risks.xlsx,False,0,False,0
283213,196,973,41.0,-116.75,NV,gs://infrasure-scr-data/onshore_wind/physical_risk/CONUS13K_Cell_283213_NV_WEIM_OnshoreWind_physical_risks.xlsx,False,0,False,0
283214,196,974,41.0,-116.5,NV,gs://infrasure-scr-data/onshore_wind/physical_risk/CONUS13K_Cell_283214_NV_WEIM_OnshoreWind_physical_risks.xlsx,False,0,False,0
283221,196,981,41.0,-114.75,NV,gs://infrasure-scr-data/onshore_wind/physical_risk/CONUS13K_Cell_283221_NV_WEIM_OnshoreWind_physical_risks.xlsx,False,0,False,0
283225,196,985,41.0,-113.75,UT,gs://infrasure-scr-data/onshore_wind/physical_risk/CONUS13K_Cell_283225_UT_WEIM_OnshoreWind_physical_risks.xlsx,False,0,False,0
283226,196,986,41.0,-113.5,UT,gs://infrasure-scr-data/onshore_wind/physical_risk/CONUS13K_Cell_283226_UT_WEIM_OnshoreWind_physical_risks.xlsx,False,0,False,0
283230,196,990,41.0,-112.5,UT,gs://infrasure-scr-data/onshore_wind/physical_risk/CONUS13K_Cell_283230_UT_WEIM_OnshoreWind_physical_risks.xlsx,False,0,False,0
283259,196,1019,41.0,-105.25,WY,gs://infrasure-scr-data/onshore_wind/physical_risk/CONUS13K_Cell_283259_WY_WEIM_OnshoreWind_physical_risks.xlsx,False,0,False,0
283260,196,1020,41.0,-105.0,CO,gs://infrasure-scr-data/onshore_wind/physical_risk/CONUS13K_Cell_283260_CO_WEIM_OnshoreWind_physical_risks.xlsx,False,0,False,0
283262,196,1022,41.0,-104.5,CO,gs://infrasure-scr-data/onshore_wind/physical_risk/CONUS13K_Cell_283262_CO_WEIM_OnshoreWind_physical_risks.xlsx,False,0,False,0
283264,196,1024,41.0,-104.0,CO,gs://infrasure-scr-data/onshore_wind/physical_risk/CONUS13K_Cell_283264_CO_WEIM_OnshoreWind_physical_risks.xlsx,False,0,False,0
283266,196,1026,41.0,-103.5,CO,gs://infrasure-scr-data/onshore_wind/physical_risk/CONUS13K_Cell_283266_CO_WEIM_OnshoreWind_physical_risks.xlsx,False,0,False,0
283268,196,1028,41.0,-103.0,CO,gs://infrasure-scr-data/onshore_wind/physical_risk/CONUS13K_Cell_283268_CO_WEIM_OnshoreWind_physical_risks.xlsx,False,0,False,0
283269,196,1029,41.0,-102.75,CO,gs://infrasure-scr-data/onshore_wind/physical_risk/CONUS13K_Cell_283269_CO_WEIM_OnshoreWind_physical_risks.xlsx,False,0,False,0
283270,196,1030,41.0,-102.5,CO,gs://infrasure-scr-data/onshore_wind/physical_risk/CONUS13K_Cell_283270_CO_WEIM_OnshoreWind_physical_risks.xlsx,False,0,False,0
283284,196,1044,41.0,-99.0,NE,gs://infrasure-scr-data/onshore_wind/physical_risk/CONUS13K_Cell_283284_NE_SPP_OnshoreWind_physical_risks.xlsx,False,0,False,0
283321,196,1081,41.0,-89.75,IL,gs://infrasure-scr-data/onshore_wind/physical_risk/CONUS13K_Cell_283321_IL_MISO_OnshoreWind_physical_risks.xlsx,False,0,False,0
283336,196,1096,41.0,-86.0,IN,gs://infrasure-scr-data/onshore_wind/physical_risk/CONUS13K_Cell_283336_IN_PJM_OnshoreWind_physical_risks.xlsx,False,0,False,0
283340,196,1100,41.0,-85.0,IN,gs://infrasure-scr-data/onshore_wind/physical_risk/CONUS13K_Cell_283340_IN_PJM_OnshoreWind_physical_risks.xlsx,False,0,False,0
283345,196,1105,41.0,-83.75,OH,gs://infrasure-scr-data/onshore_wind/physical_risk/CONUS13K_Cell_283345_OH_PJM_OnshoreWind_physical_risks.xlsx,False,0,False,0
283346,196,1106,41.0,-83.5,OH,gs://infrasure-scr-data/onshore_wind/physical_risk/CONUS13K_Cell_283346_OH_PJM_OnshoreWind_physical_risks.xlsx,False,0,False,10
284643,197,963,40.75,-119.25,NV,gs://infrasure-scr-data/onshore_wind/physical_risk/CONUS13K_Cell_284643_NV_WEIM_OnshoreWind_physical_risks.xlsx,False,0,False,0
284644,197,964,40.75,-119.0,NV,gs://infrasure-scr-data/onshore_wind/physical_risk/CONUS13K_Cell_284644_NV_WEIM_OnshoreWind_physical_risks.xlsx,False,0,False,0
284645,197,965,40.75,-118.75,NV,gs://infrasure-scr-data/onshore_wind/physical_risk/CONUS13K_Cell_284645_NV_WEIM_OnshoreWind_physical_risks.xlsx,False,0,False,0
284646,197,966,40.75,-118.5,NV,gs://infrasure-scr-data/onshore_wind/physical_risk/CONUS13K_Cell_284646_NV_WEIM_OnshoreWind_physical_risks.xlsx,False,0,False,0
284647,197,967,40.75,-118.25,NV,gs://infrasure-scr-data/onshore_wind/physical_risk/CONUS13K_Cell_284647_NV_WEIM_OnshoreWind_physical_risks.xlsx,False,0,False,0
284648,197,968,40.75,-118.0,NV,gs://infrasure-scr-data/onshore_wind/physical_risk/CONUS13K_Cell_284648_NV_WEIM_OnshoreWind_physical_risks.xlsx,False,0,False,0
284650,197,970,40.75,-117.5,NV,gs://infrasure-scr-data/onshore_wind/physical_risk/CONUS13K_Cell_284650_NV_WEIM_OnshoreWind_physical_risks.xlsx,False,0,False,0
284651,197,971,40.75,-117.25,NV,gs://infrasure-scr-data/onshore_wind/physical_risk/CONUS13K_Cell_284651_NV_WEIM_OnshoreWind_physical_risks.xlsx,False,0,False,0
284662,197,982,40.75,-114.5,NV,gs://infrasure-scr-data/onshore_wind/physical_risk/CONUS13K_Cell_284662_NV_WEIM_OnshoreWind_physical_risks.xlsx,False,0,False,0
284664,197,984,40.75,-114.0,UT,gs://infrasure-scr-data/onshore_wind/physical_risk/CONUS13K_Cell_284664_UT_WEIM_OnshoreWind_physical_risks.xlsx,False,0,False,0
284665,197,985,40.75,-113.75,UT,gs://infrasure-scr-data/onshore_wind/physical_risk/CONUS13K_Cell_284665_UT_WEIM_OnshoreWind_physical_risks.xlsx,False,0,False,0
284666,197,986,40.75,-113.5,UT,gs://infrasure-scr-data/onshore_wind/physical_risk/CONUS13K_Cell_284666_UT_WEIM_OnshoreWind_physical_risks.xlsx,False,0,False,0
284670,197,990,40.75,-112.5,UT,gs://infrasure-scr-data/onshore_wind/physical_risk/CONUS13K_Cell_284670_UT_WEIM_OnshoreWind_physical_risks.xlsx,False,0,False,0
284671,197,991,40.75,-112.25,UT,gs://infrasure-scr-data/onshore_wind/physical_risk/CONUS13K_Cell_284671_UT_WEIM_OnshoreWind_physical_risks.xlsx,False,0,False,0
284686,197,1006,40.75,-108.5,CO,gs://infrasure-scr-data/onshore_wind/physical_risk/CONUS13K_Cell_284686_CO_WEIM_OnshoreWind_physical_risks.xlsx,False,0,False,0
284688,197,1008,40.75,-108.0,CO,gs://infrasure-scr-data/onshore_wind/physical_risk/CONUS13K_Cell_284688_CO_WEIM_OnshoreWind_physical_risks.xlsx,False,0,False,0
284701,197,1021,40.75,-104.75,CO,gs://infrasure-scr-data/onshore_wind/physical_risk/CONUS13K_Cell_284701_CO_WEIM_OnshoreWind_physical_risks.xlsx,False,0,False,0
284702,197,1022,40.75,-104.5,CO,gs://infrasure-scr-data/onshore_wind/physical_risk/CONUS13K_Cell_284702_CO_WEIM_OnshoreWind_physical_risks.xlsx,False,0,False,0
284703,197,1023,40.75,-104.25,CO,gs://infrasure-scr-data/onshore_wind/physical_risk/CONUS13K_Cell_284703_CO_WEIM_OnshoreWind_physical_risks.xlsx,False,0,False,0
284704,197,1024,40.75,-104.0,CO,gs://infrasure-scr-data/onshore_wind/physical_risk/CONUS13K_Cell_284704_CO_WEIM_OnshoreWind_physical_risks.xlsx,False,0,False,0
284705,197,1025,40.75,-103.75,CO,gs://infrasure-scr-data/onshore_wind/physical_risk/CONUS13K_Cell_284705_CO_WEIM_OnshoreWind_physical_risks.xlsx,False,0,False,0
284706,197,1026,40.75,-103.5,CO,gs://infrasure-scr-data/onshore_wind/physical_risk/CONUS13K_Cell_284706_CO_WEIM_OnshoreWind_physical_risks.xlsx,False,0,False,0
284712,197,1032,40.75,-102.0,NE,gs://infrasure-scr-data/onshore_wind/physical_risk/CONUS13K_Cell_284712_NE_SPP_OnshoreWind_physical_risks.xlsx,False,0,False,0
284780,197,1100,40.75,-85.0,IN,gs://infrasure-scr-data/onshore_wind/physical_risk/CONUS13K_Cell_284780_IN_PJM_OnshoreWind_physical_risks.xlsx,False,0,False,0
284782,197,1102,40.75,-84.5,OH,gs://infrasure-scr-data/onshore_wind/physical_risk/CONUS13K_Cell_284782_OH_PJM_OnshoreWind_physical_risks.xlsx,False,0,False,0
284783,197,1103,40.75,-84.25,OH,gs://infrasure-scr-data/onshore_wind/physical_risk/CONUS13K_Cell_284783_OH_PJM_OnshoreWind_physical_risks.xlsx,False,0,False,0
284785,197,1105,40.75,-83.75,OH,gs://infrasure-scr-data/onshore_wind/physical_risk/CONUS13K_Cell_284785_OH_PJM_OnshoreWind_physical_risks.xlsx,False,0,False,0
284786,197,1106,40.75,-83.5,OH,gs://infrasure-scr-data/onshore_wind/physical_risk/CONUS13K_Cell_284786_OH_PJM_OnshoreWind_physical_risks.xlsx,False,0,False,0
284826,197,1146,40.75,-73.5,NY,gs://infrasure-scr-data/onshore_wind/physical_risk/CONUS13K_Cell_284826_NY_NYISO_OnshoreWind_physical_risks.xlsx,False,0,False,0
284827,197,1147,40.75,-73.25,NY,gs://infrasure-scr-data/onshore_wind/physical_risk/CONUS13K_Cell_284827_NY_NYISO_OnshoreWind_physical_risks.xlsx,False,0,False,0
286081,198,961,40.5,-119.75,NV,gs://infrasure-scr-data/onshore_wind/physical_risk/CONUS13K_Cell_286081_NV_WEIM_OnshoreWind_physical_risks.xlsx,False,0,False,0
286084,198,964,40.5,-119.0,NV,gs://infrasure-scr-data/onshore_wind/physical_risk/CONUS13K_Cell_286084_NV_WEIM_OnshoreWind_physical_risks.xlsx,False,0,False,0
286086,198,966,40.5,-118.5,NV,gs://infrasure-scr-data/onshore_wind/physical_risk/CONUS13K_Cell_286086_NV_WEIM_OnshoreWind_physical_risks.xlsx,False,0,False,0
286088,198,968,40.5,-118.0,NV,gs://infrasure-scr-data/onshore_wind/physical_risk/CONUS13K_Cell_286088_NV_WEIM_OnshoreWind_physical_risks.xlsx,False,0,False,0
286091,198,971,40.5,-117.25,NV,gs://infrasure-scr-data/onshore_wind/physical_risk/CONUS13K_Cell_286091_NV_WEIM_OnshoreWind_physical_risks.xlsx,False,0,False,0
286092,198,972,40.5,-117.0,NV,gs://infrasure-scr-data/onshore_wind/physical_risk/CONUS13K_Cell_286092_NV_WEIM_OnshoreWind_physical_risks.xlsx,False,0,False,0
286100,198,980,40.5,-115.0,NV,gs://infrasure-scr-data/onshore_wind/physical_risk/CONUS13K_Cell_286100_NV_WEIM_OnshoreWind_physical_risks.xlsx,False,0,False,0
286105,198,985,40.5,-113.75,UT,gs://infrasure-scr-data/onshore_wind/physical_risk/CONUS13K_Cell_286105_UT_WEIM_OnshoreWind_physical_risks.xlsx,False,0,False,0
286106,198,986,40.5,-113.5,UT,gs://infrasure-scr-data/onshore_wind/physical_risk/CONUS13K_Cell_286106_UT_WEIM_OnshoreWind_physical_risks.xlsx,False,0,False,0
286107,198,987,40.5,-113.25,UT,gs://infrasure-scr-data/onshore_wind/physical_risk/CONUS13K_Cell_286107_UT_WEIM_OnshoreWind_physical_risks.xlsx,False,0,False,0
286144,198,1024,40.5,-104.0,CO,gs://infrasure-scr-data/onshore_wind/physical_risk/CONUS13K_Cell_286144_CO_WEIM_OnshoreWind_physical_risks.xlsx,False,0,False,0
286145,198,1025,40.5,-103.75,CO,gs://infrasure-scr-data/onshore_wind/physical_risk/CONUS13K_Cell_286145_CO_WEIM_OnshoreWind_physical_risks.xlsx,False,0,False,0
286198,198,1078,40.5,-90.5,IL,gs://infrasure-scr-data/onshore_wind/physical_risk/CONUS13K_Cell_286198_IL_MISO_OnshoreWind_physical_risks.xlsx,False,0,False,0
286222,198,1102,40.5,-84.5,OH,gs://infrasure-scr-data/onshore_wind/physical_risk/CONUS13K_Cell_286222_OH_PJM_OnshoreWind_physical_risks.xlsx,False,0,False,0
286223,198,1103,40.5,-84.25,OH,gs://infrasure-scr-data/onshore_wind/physical_risk/CONUS13K_Cell_286223_OH_PJM_OnshoreWind_physical_risks.xlsx,False,0,False,0
286224,198,1104,40.5,-84.0,OH,gs://infrasure-scr-data/onshore_wind/physical_risk/CONUS13K_Cell_286224_OH_PJM_OnshoreWind_physical_risks.xlsx,False,0,False,0
286225,198,1105,40.5,-83.75,OH,gs://infrasure-scr-data/onshore_wind/physical_risk/CONUS13K_Cell_286225_OH_PJM_OnshoreWind_physical_risks.xlsx,False,0,False,0
287520,199,960,40.25,-120.0,CA,gs://infrasure-scr-data/onshore_wind/physical_risk/CONUS13K_Cell_287520_CA_CAISO_OnshoreWind_physical_risks.xlsx,False,0,False,0
287528,199,968,40.25,-118.0,NV,gs://infrasure-scr-data/onshore_wind/physical_risk/CONUS13K_Cell_287528_NV_WEIM_OnshoreWind_physical_risks.xlsx,False,0,False,0
287529,199,969,40.25,-117.75,NV,gs://infrasure-scr-data/onshore_wind/physical_risk/CONUS13K_Cell_287529_NV_WEIM_OnshoreWind_physical_risks.xlsx,False,0,False,0
287533,199,973,40.25,-116.75,NV,gs://infrasure-scr-data/onshore_wind/physical_risk/CONUS13K_Cell_287533_NV_WEIM_OnshoreWind_physical_risks.xlsx,False,0,False,0
287535,199,975,40.25,-116.25,NV,gs://infrasure-scr-data/onshore_wind/physical_risk/CONUS13K_Cell_287535_NV_WEIM_OnshoreWind_physical_risks.xlsx,False,0,False,0
287545,199,985,40.25,-113.75,UT,gs://infrasure-scr-data/onshore_wind/physical_risk/CONUS13K_Cell_287545_UT_WEIM_OnshoreWind_physical_risks.xlsx,False,0,False,0
287546,199,986,40.25,-113.5,UT,gs://infrasure-scr-data/onshore_wind/physical_risk/CONUS13K_Cell_287546_UT_WEIM_OnshoreWind_physical_risks.xlsx,False,0,False,0
287547,199,987,40.25,-113.25,UT,gs://infrasure-scr-data/onshore_wind/physical_risk/CONUS13K_Cell_287547_UT_WEIM_OnshoreWind_physical_risks.xlsx,False,0,False,0
287551,199,991,40.25,-112.25,UT,gs://infrasure-scr-data/onshore_wind/physical_risk/CONUS13K_Cell_287551_UT_WEIM_OnshoreWind_physical_risks.xlsx,False,0,False,0
287552,199,992,40.25,-112.0,UT,gs://infrasure-scr-data/onshore_wind/physical_risk/CONUS13K_Cell_287552_UT_WEIM_OnshoreWind_physical_risks.xlsx,False,0,False,0
287553,199,993,40.25,-111.75,UT,gs://infrasure-scr-data/onshore_wind/physical_risk/CONUS13K_Cell_287553_UT_WEIM_OnshoreWind_physical_risks.xlsx,False,0,False,0
287566,199,1006,40.25,-108.5,CO,gs://infrasure-scr-data/onshore_wind/physical_risk/CONUS13K_Cell_287566_CO_WEIM_OnshoreWind_physical_risks.xlsx,False,0,False,0
287583,199,1023,40.25,-104.25,CO,gs://infrasure-scr-data/onshore_wind/physical_risk/CONUS13K_Cell_287583_CO_WEIM_OnshoreWind_physical_risks.xlsx,False,0,False,0
287586,199,1026,40.25,-103.5,CO,gs://infrasure-scr-data/onshore_wind/physical_risk/CONUS13K_Cell_287586_CO_WEIM_OnshoreWind_physical_risks.xlsx,False,0,False,0
287587,199,1027,40.25,-103.25,CO,gs://infrasure-scr-data/onshore_wind/physical_risk/CONUS13K_Cell_287587_CO_WEIM_OnshoreWind_physical_risks.xlsx,False,0,False,0
287588,199,1028,40.25,-103.0,CO,gs://infrasure-scr-data/onshore_wind/physical_risk/CONUS13K_Cell_287588_CO_WEIM_OnshoreWind_physical_risks.xlsx,False,0,False,0
287636,199,1076,40.25,-91.0,IL,gs://infrasure-scr-data/onshore_wind/physical_risk/CONUS13K_Cell_287636_IL_MISO_OnshoreWind_physical_risks.xlsx,False,0,False,0
287652,199,1092,40.25,-87.0,IN,gs://infrasure-scr-data/onshore_wind/physical_risk/CONUS13K_Cell_287652_IN_PJM_OnshoreWind_physical_risks.xlsx,False,0,False,0
287655,199,1095,40.25,-86.25,IN,gs://infrasure-scr-data/onshore_wind/physical_risk/CONUS13K_Cell_287655_IN_PJM_OnshoreWind_physical_risks.xlsx,False,0,False,0
287662,199,1102,40.25,-84.5,OH,gs://infrasure-scr-data/onshore_wind/physical_risk/CONUS13K_Cell_287662_OH_PJM_OnshoreWind_physical_risks.xlsx,False,0,False,0
287664,199,1104,40.25,-84.0,OH,gs://infrasure-scr-data/onshore_wind/physical_risk/CONUS13K_Cell_287664_OH_PJM_OnshoreWind_physical_risks.xlsx,False,0,False,0
287669,199,1109,40.25,-82.75,OH,gs://infrasure-scr-data/onshore_wind/physical_risk/CONUS13K_Cell_287669_OH_PJM_OnshoreWind_physical_risks.xlsx,False,0,False,0
288964,200,964,40.0,-119.0,NV,gs://infrasure-scr-data/onshore_wind/physical_risk/CONUS13K_Cell_288964_NV_WEIM_OnshoreWind_physical_risks.xlsx,False,0,False,0
288965,200,965,40.0,-118.75,NV,gs://infrasure-scr-data/onshore_wind/physical_risk/CONUS13K_Cell_288965_NV_WEIM_OnshoreWind_physical_risks.xlsx,False,0,False,0
288967,200,967,40.0,-118.25,NV,gs://infrasure-scr-data/onshore_wind/physical_risk/CONUS13K_Cell_288967_NV_WEIM_OnshoreWind_physical_risks.xlsx,False,0,False,0
288971,200,971,40.0,-117.25,NV,gs://infrasure-scr-data/onshore_wind/physical_risk/CONUS13K_Cell_288971_NV_WEIM_OnshoreWind_physical_risks.xlsx,False,0,False,0
288972,200,972,40.0,-117.0,NV,gs://infrasure-scr-data/onshore_wind/physical_risk/CONUS13K_Cell_288972_NV_WEIM_OnshoreWind_physical_risks.xlsx,False,0,False,0
288975,200,975,40.0,-116.25,NV,gs://infrasure-scr-data/onshore_wind/physical_risk/CONUS13K_Cell_288975_NV_WEIM_OnshoreWind_physical_risks.xlsx,False,0,False,0
288983,200,983,40.0,-114.25,NV,gs://infrasure-scr-data/onshore_wind/physical_risk/CONUS13K_Cell_288983_NV_WEIM_OnshoreWind_physical_risks.xlsx,False,0,False,0
288985,200,985,40.0,-113.75,UT,gs://infrasure-scr-data/onshore_wind/physical_risk/CONUS13K_Cell_288985_UT_WEIM_OnshoreWind_physical_risks.xlsx,False,0,False,0
288986,200,986,40.0,-113.5,UT,gs://infrasure-scr-data/onshore_wind/physical_risk/CONUS13K_Cell_288986_UT_WEIM_OnshoreWind_physical_risks.xlsx,False,0,False,0
288987,200,987,40.0,-113.25,UT,gs://infrasure-scr-data/onshore_wind/physical_risk/CONUS13K_Cell_288987_UT_WEIM_OnshoreWind_physical_risks.xlsx,False,0,False,0
289000,200,1000,40.0,-110.0,UT,gs://infrasure-scr-data/onshore_wind/physical_risk/CONUS13K_Cell_289000_UT_WEIM_OnshoreWind_physical_risks.xlsx,False,0,False,0
289002,200,1002,40.0,-109.5,UT,gs://infrasure-scr-data/onshore_wind/physical_risk/CONUS13K_Cell_289002_UT_WEIM_OnshoreWind_physical_risks.xlsx,False,0,False,0
289003,200,1003,40.0,-109.25,UT,gs://infrasure-scr-data/onshore_wind/physical_risk/CONUS13K_Cell_289003_UT_WEIM_OnshoreWind_physical_risks.xlsx,False,0,False,0
289025,200,1025,40.0,-103.75,CO,gs://infrasure-scr-data/onshore_wind/physical_risk/CONUS13K_Cell_289025_CO_WEIM_OnshoreWind_physical_risks.xlsx,False,0,False,0
289027,200,1027,40.0,-103.25,CO,gs://infrasure-scr-data/onshore_wind/physical_risk/CONUS13K_Cell_289027_CO_WEIM_OnshoreWind_physical_risks.xlsx,False,0,False,0
289036,200,1036,40.0,-101.0,KS,gs://infrasure-scr-data/onshore_wind/physical_risk/CONUS13K_Cell_289036_KS_SPP_OnshoreWind_physical_risks.xlsx,False,0,False,0
289085,200,1085,40.0,-88.75,IL,gs://infrasure-scr-data/onshore_wind/physical_risk/CONUS13K_Cell_289085_IL_PJM_OnshoreWind_physical_risks.xlsx,False,0,False,0
289096,200,1096,40.0,-86.0,IN,gs://infrasure-scr-data/onshore_wind/physical_risk/CONUS13K_Cell_289096_IN_PJM_OnshoreWind_physical_risks.xlsx,False,0,False,0
290404,201,964,39.75,-119.0,NV,gs://infrasure-scr-data/onshore_wind/physical_risk/CONUS13K_Cell_290404_NV_WEIM_OnshoreWind_physical_risks.xlsx,False,0,False,0
290405,201,965,39.75,-118.75,NV,gs://infrasure-scr-data/onshore_wind/physical_risk/CONUS13K_Cell_290405_NV_WEIM_OnshoreWind_physical_risks.xlsx,False,0,False,0
290406,201,966,39.75,-118.5,NV,gs://infrasure-scr-data/onshore_wind/physical_risk/CONUS13K_Cell_290406_NV_WEIM_OnshoreWind_physical_risks.xlsx,False,0,False,0
290414,201,974,39.75,-116.5,NV,gs://infrasure-scr-data/onshore_wind/physical_risk/CONUS13K_Cell_290414_NV_WEIM_OnshoreWind_physical_risks.xlsx,False,0,False,0
290421,201,981,39.75,-114.75,NV,gs://infrasure-scr-data/onshore_wind/physical_risk/CONUS13K_Cell_290421_NV_WEIM_OnshoreWind_physical_risks.xlsx,False,0,False,0
290427,201,987,39.75,-113.25,UT,gs://infrasure-scr-data/onshore_wind/physical_risk/CONUS13K_Cell_290427_UT_WEIM_OnshoreWind_physical_risks.xlsx,False,0,False,0
290428,201,988,39.75,-113.0,UT,gs://infrasure-scr-data/onshore_wind/physical_risk/CONUS13K_Cell_290428_UT_WEIM_OnshoreWind_physical_risks.xlsx,False,0,False,0
290430,201,990,39.75,-112.5,UT,gs://infrasure-scr-data/onshore_wind/physical_risk/CONUS13K_Cell_290430_UT_WEIM_OnshoreWind_physical_risks.xlsx,False,0,False,0
290440,201,1000,39.75,-110.0,UT,gs://infrasure-scr-data/onshore_wind/physical_risk/CONUS13K_Cell_290440_UT_WEIM_OnshoreWind_physical_risks.xlsx,False,0,False,0
290441,201,1001,39.75,-109.75,UT,gs://infrasure-scr-data/onshore_wind/physical_risk/CONUS13K_Cell_290441_UT_WEIM_OnshoreWind_physical_risks.xlsx,False,0,False,0
290442,201,1002,39.75,-109.5,UT,gs://infrasure-scr-data/onshore_wind/physical_risk/CONUS13K_Cell_290442_UT_WEIM_OnshoreWind_physical_risks.xlsx,False,0,False,0
290462,201,1022,39.75,-104.5,CO,gs://infrasure-scr-data/onshore_wind/physical_risk/CONUS13K_Cell_290462_CO_WEIM_OnshoreWind_physical_risks.xlsx,False,0,False,0
290465,201,1025,39.75,-103.75,CO,gs://infrasure-scr-data/onshore_wind/physical_risk/CONUS13K_Cell_290465_CO_WEIM_OnshoreWind_physical_risks.xlsx,False,0,False,0
290467,201,1027,39.75,-103.25,CO,gs://infrasure-scr-data/onshore_wind/physical_risk/CONUS13K_Cell_290467_CO_WEIM_OnshoreWind_physical_risks.xlsx,False,0,False,0
290469,201,1029,39.75,-102.75,CO,gs://infrasure-scr-data/onshore_wind/physical_risk/CONUS13K_Cell_290469_CO_WEIM_OnshoreWind_physical_risks.xlsx,False,0,False,0
290535,201,1095,39.75,-86.25,IN,gs://infrasure-scr-data/onshore_wind/physical_risk/CONUS13K_Cell_290535_IN_PJM_OnshoreWind_physical_risks.xlsx,False,0,False,0
290542,201,1102,39.75,-84.5,OH,gs://infrasure-scr-data/onshore_wind/physical_risk/CONUS13K_Cell_290542_OH_PJM_OnshoreWind_physical_risks.xlsx,False,0,False,0
290543,201,1103,39.75,-84.25,OH,gs://infrasure-scr-data/onshore_wind/physical_risk/CONUS13K_Cell_290543_OH_PJM_OnshoreWind_physical_risks.xlsx,False,0,False,0
290545,201,1105,39.75,-83.75,OH,gs://infrasure-scr-data/onshore_wind/physical_risk/CONUS13K_Cell_290545_OH_PJM_OnshoreWind_physical_risks.xlsx,False,0,False,0
290546,201,1106,39.75,-83.5,OH,gs://infrasure-scr-data/onshore_wind/physical_risk/CONUS13K_Cell_290546_OH_PJM_OnshoreWind_physical_risks.xlsx,False,0,False,0
290569,201,1129,39.75,-77.75,PA,gs://infrasure-scr-data/onshore_wind/physical_risk/CONUS13K_Cell_290569_PA_PJM_OnshoreWind_physical_risks.xlsx,False,0,False,0
290575,201,1135,39.75,-76.25,PA,gs://infrasure-scr-data/onshore_wind/physical_risk/CONUS13K_Cell_290575_PA_PJM_OnshoreWind_physical_risks.xlsx,False,0,False,0
291850,202,970,39.5,-117.5,NV,gs://infrasure-scr-data/onshore_wind/physical_risk/CONUS13K_Cell_291850_NV_WEIM_OnshoreWind_physical_risks.xlsx,False,0,False,0
291858,202,978,39.5,-115.5,NV,gs://infrasure-scr-data/onshore_wind/physical_risk/CONUS13K_Cell_291858_NV_WEIM_OnshoreWind_physical_risks.xlsx,False,0,False,0
291861,202,981,39.5,-114.75,NV,gs://infrasure-scr-data/onshore_wind/physical_risk/CONUS13K_Cell_291861_NV_WEIM_OnshoreWind_physical_risks.xlsx,False,0,False,0
291864,202,984,39.5,-114.0,UT,gs://infrasure-scr-data/onshore_wind/physical_risk/CONUS13K_Cell_291864_UT_WEIM_OnshoreWind_physical_risks.xlsx,False,0,False,0
291865,202,985,39.5,-113.75,UT,gs://infrasure-scr-data/onshore_wind/physical_risk/CONUS13K_Cell_291865_UT_WEIM_OnshoreWind_physical_risks.xlsx,False,0,False,0
291866,202,986,39.5,-113.5,UT,gs://infrasure-scr-data/onshore_wind/physical_risk/CONUS13K_Cell_291866_UT_WEIM_OnshoreWind_physical_risks.xlsx,False,0,False,0
291867,202,987,39.5,-113.25,UT,gs://infrasure-scr-data/onshore_wind/physical_risk/CONUS13K_Cell_291867_UT_WEIM_OnshoreWind_physical_risks.xlsx,False,0,False,0
291868,202,988,39.5,-113.0,UT,gs://infrasure-scr-data/onshore_wind/physical_risk/CONUS13K_Cell_291868_UT_WEIM_OnshoreWind_physical_risks.xlsx,False,0,False,0
291878,202,998,39.5,-110.5,UT,gs://infrasure-scr-data/onshore_wind/physical_risk/CONUS13K_Cell_291878_UT_WEIM_OnshoreWind_physical_risks.xlsx,False,0,False,0
291905,202,1025,39.5,-103.75,CO,gs://infrasure-scr-data/onshore_wind/physical_risk/CONUS13K_Cell_291905_CO_WEIM_OnshoreWind_physical_risks.xlsx,False,0,False,0
291906,202,1026,39.5,-103.5,CO,gs://infrasure-scr-data/onshore_wind/physical_risk/CONUS13K_Cell_291906_CO_WEIM_OnshoreWind_physical_risks.xlsx,False,0,False,0
291907,202,1027,39.5,-103.25,CO,gs://infrasure-scr-data/onshore_wind/physical_risk/CONUS13K_Cell_291907_CO_WEIM_OnshoreWind_physical_risks.xlsx,False,0,False,0
291977,202,1097,39.5,-85.75,IN,gs://infrasure-scr-data/onshore_wind/physical_risk/CONUS13K_Cell_291977_IN_PJM_OnshoreWind_physical_risks.xlsx,False,0,False,0
291978,202,1098,39.5,-85.5,IN,gs://infrasure-scr-data/onshore_wind/physical_risk/CONUS13K_Cell_291978_IN_PJM_OnshoreWind_physical_risks.xlsx,False,0,False,0
291985,202,1105,39.5,-83.75,OH,gs://infrasure-scr-data/onshore_wind/physical_risk/CONUS13K_Cell_291985_OH_PJM_OnshoreWind_physical_risks.xlsx,False,0,False,0
293283,203,963,39.25,-119.25,NV,gs://infrasure-scr-data/onshore_wind/physical_risk/CONUS13K_Cell_293283_NV_WEIM_OnshoreWind_physical_risks.xlsx,False,0,False,0
293285,203,965,39.25,-118.75,NV,gs://infrasure-scr-data/onshore_wind/physical_risk/CONUS13K_Cell_293285_NV_WEIM_OnshoreWind_physical_risks.xlsx,False,0,False,0
293286,203,966,39.25,-118.5,NV,gs://infrasure-scr-data/onshore_wind/physical_risk/CONUS13K_Cell_293286_NV_WEIM_OnshoreWind_physical_risks.xlsx,False,0,False,0
293287,203,967,39.25,-118.25,NV,gs://infrasure-scr-data/onshore_wind/physical_risk/CONUS13K_Cell_293287_NV_WEIM_OnshoreWind_physical_risks.xlsx,False,0,False,0
293288,203,968,39.25,-118.0,NV,gs://infrasure-scr-data/onshore_wind/physical_risk/CONUS13K_Cell_293288_NV_WEIM_OnshoreWind_physical_risks.xlsx,False,0,False,0
293291,203,971,39.25,-117.25,NV,gs://infrasure-scr-data/onshore_wind/physical_risk/CONUS13K_Cell_293291_NV_WEIM_OnshoreWind_physical_risks.xlsx,False,0,False,0
293296,203,976,39.25,-116.0,NV,gs://infrasure-scr-data/onshore_wind/physical_risk/CONUS13K_Cell_293296_NV_WEIM_OnshoreWind_physical_risks.xlsx,False,0,False,0
293299,203,979,39.25,-115.25,NV,gs://infrasure-scr-data/onshore_wind/physical_risk/CONUS13K_Cell_293299_NV_WEIM_OnshoreWind_physical_risks.xlsx,False,0,False,0
293305,203,985,39.25,-113.75,UT,gs://infrasure-scr-data/onshore_wind/physical_risk/CONUS13K_Cell_293305_UT_WEIM_OnshoreWind_physical_risks.xlsx,False,0,False,0
293307,203,987,39.25,-113.25,UT,gs://infrasure-scr-data/onshore_wind/physical_risk/CONUS13K_Cell_293307_UT_WEIM_OnshoreWind_physical_risks.xlsx,False,0,False,0
293308,203,988,39.25,-113.0,UT,gs://infrasure-scr-data/onshore_wind/physical_risk/CONUS13K_Cell_293308_UT_WEIM_OnshoreWind_physical_risks.xlsx,False,0,False,0
293318,203,998,39.25,-110.5,UT,gs://infrasure-scr-data/onshore_wind/physical_risk/CONUS13K_Cell_293318_UT_WEIM_OnshoreWind_physical_risks.xlsx,False,0,False,0
293324,203,1004,39.25,-109.0,CO,gs://infrasure-scr-data/onshore_wind/physical_risk/CONUS13K_Cell_293324_CO_WEIM_OnshoreWind_physical_risks.xlsx,False,0,False,0
293341,203,1021,39.25,-104.75,CO,gs://infrasure-scr-data/onshore_wind/physical_risk/CONUS13K_Cell_293341_CO_WEIM_OnshoreWind_physical_risks.xlsx,False,0,False,0
293344,203,1024,39.25,-104.0,CO,gs://infrasure-scr-data/onshore_wind/physical_risk/CONUS13K_Cell_293344_CO_WEIM_OnshoreWind_physical_risks.xlsx,False,0,False,0
293345,203,1025,39.25,-103.75,CO,gs://infrasure-scr-data/onshore_wind/physical_risk/CONUS13K_Cell_293345_CO_WEIM_OnshoreWind_physical_risks.xlsx,False,0,False,0
293346,203,1026,39.25,-103.5,CO,gs://infrasure-scr-data/onshore_wind/physical_risk/CONUS13K_Cell_293346_CO_WEIM_OnshoreWind_physical_risks.xlsx,False,0,False,0
293347,203,1027,39.25,-103.25,CO,gs://infrasure-scr-data/onshore_wind/physical_risk/CONUS13K_Cell_293347_CO_WEIM_OnshoreWind_physical_risks.xlsx,False,0,False,0
293359,203,1039,39.25,-100.25,KS,gs://infrasure-scr-data/onshore_wind/physical_risk/CONUS13K_Cell_293359_KS_SPP_OnshoreWind_physical_risks.xlsx,False,0,False,0
293426,203,1106,39.25,-83.5,OH,gs://infrasure-scr-data/onshore_wind/physical_risk/CONUS13K_Cell_293426_OH_PJM_OnshoreWind_physical_risks.xlsx,False,0,False,0
294720,204,960,39.0,-120.0,NV,gs://infrasure-scr-data/onshore_wind/physical_risk/CONUS13K_Cell_294720_NV_WEIM_OnshoreWind_physical_risks.xlsx,False,0,False,0
294724,204,964,39.0,-119.0,NV,gs://infrasure-scr-data/onshore_wind/physical_risk/CONUS13K_Cell_294724_NV_WEIM_OnshoreWind_physical_risks.xlsx,False,0,False,0
294726,204,966,39.0,-118.5,NV,gs://infrasure-scr-data/onshore_wind/physical_risk/CONUS13K_Cell_294726_NV_WEIM_OnshoreWind_physical_risks.xlsx,False,0,False,0
294727,204,967,39.0,-118.25,NV,gs://infrasure-scr-data/onshore_wind/physical_risk/CONUS13K_Cell_294727_NV_WEIM_OnshoreWind_physical_risks.xlsx,False,0,False,0
294728,204,968,39.0,-118.0,NV,gs://infrasure-scr-data/onshore_wind/physical_risk/CONUS13K_Cell_294728_NV_WEIM_OnshoreWind_physical_risks.xlsx,False,0,False,0
294732,204,972,39.0,-117.0,NV,gs://infrasure-scr-data/onshore_wind/physical_risk/CONUS13K_Cell_294732_NV_WEIM_OnshoreWind_physical_risks.xlsx,False,0,False,0
294737,204,977,39.0,-115.75,NV,gs://infrasure-scr-data/onshore_wind/physical_risk/CONUS13K_Cell_294737_NV_WEIM_OnshoreWind_physical_risks.xlsx,False,0,False,0
294740,204,980,39.0,-115.0,NV,gs://infrasure-scr-data/onshore_wind/physical_risk/CONUS13K_Cell_294740_NV_WEIM_OnshoreWind_physical_risks.xlsx,False,0,False,0
294741,204,981,39.0,-114.75,NV,gs://infrasure-scr-data/onshore_wind/physical_risk/CONUS13K_Cell_294741_NV_WEIM_OnshoreWind_physical_risks.xlsx,False,0,False,0
294747,204,987,39.0,-113.25,UT,gs://infrasure-scr-data/onshore_wind/physical_risk/CONUS13K_Cell_294747_UT_WEIM_OnshoreWind_physical_risks.xlsx,False,0,False,0
294748,204,988,39.0,-113.0,UT,gs://infrasure-scr-data/onshore_wind/physical_risk/CONUS13K_Cell_294748_UT_WEIM_OnshoreWind_physical_risks.xlsx,False,0,False,0
294757,204,997,39.0,-110.75,UT,gs://infrasure-scr-data/onshore_wind/physical_risk/CONUS13K_Cell_294757_UT_WEIM_OnshoreWind_physical_risks.xlsx,False,0,False,0
294760,204,1000,39.0,-110.0,UT,gs://infrasure-scr-data/onshore_wind/physical_risk/CONUS13K_Cell_294760_UT_WEIM_OnshoreWind_physical_risks.xlsx,False,0,False,0
294762,204,1002,39.0,-109.5,UT,gs://infrasure-scr-data/onshore_wind/physical_risk/CONUS13K_Cell_294762_UT_WEIM_OnshoreWind_physical_risks.xlsx,False,0,False,0
294777,204,1017,39.0,-105.75,CO,gs://infrasure-scr-data/onshore_wind/physical_risk/CONUS13K_Cell_294777_CO_WEIM_OnshoreWind_physical_risks.xlsx,False,0,False,0
294783,204,1023,39.0,-104.25,CO,gs://infrasure-scr-data/onshore_wind/physical_risk/CONUS13K_Cell_294783_CO_WEIM_OnshoreWind_physical_risks.xlsx,False,0,False,0
294784,204,1024,39.0,-104.0,CO,gs://infrasure-scr-data/onshore_wind/physical_risk/CONUS13K_Cell_294784_CO_WEIM_OnshoreWind_physical_risks.xlsx,False,0,False,0
294787,204,1027,39.0,-103.25,CO,gs://infrasure-scr-data/onshore_wind/physical_risk/CONUS13K_Cell_294787_CO_WEIM_OnshoreWind_physical_risks.xlsx,False,0,False,0
294790,204,1030,39.0,-102.5,CO,gs://infrasure-scr-data/onshore_wind/physical_risk/CONUS13K_Cell_294790_CO_WEIM_OnshoreWind_physical_risks.xlsx,False,0,False,0
294793,204,1033,39.0,-101.75,KS,gs://infrasure-scr-data/onshore_wind/physical_risk/CONUS13K_Cell_294793_KS_SPP_OnshoreWind_physical_risks.xlsx,False,0,False,0
296165,205,965,38.75,-118.75,NV,gs://infrasure-scr-data/onshore_wind/physical_risk/CONUS13K_Cell_296165_NV_WEIM_OnshoreWind_physical_risks.xlsx,False,0,False,0
296166,205,966,38.75,-118.5,NV,gs://infrasure-scr-data/onshore_wind/physical_risk/CONUS13K_Cell_296166_NV_WEIM_OnshoreWind_physical_risks.xlsx,False,0,False,0
296168,205,968,38.75,-118.0,NV,gs://infrasure-scr-data/onshore_wind/physical_risk/CONUS13K_Cell_296168_NV_WEIM_OnshoreWind_physical_risks.xlsx,False,0,False,0
296169,205,969,38.75,-117.75,NV,gs://infrasure-scr-data/onshore_wind/physical_risk/CONUS13K_Cell_296169_NV_WEIM_OnshoreWind_physical_risks.xlsx,False,0,False,0
296176,205,976,38.75,-116.0,NV,gs://infrasure-scr-data/onshore_wind/physical_risk/CONUS13K_Cell_296176_NV_WEIM_OnshoreWind_physical_risks.xlsx,False,0,False,0
296185,205,985,38.75,-113.75,UT,gs://infrasure-scr-data/onshore_wind/physical_risk/CONUS13K_Cell_296185_UT_WEIM_OnshoreWind_physical_risks.xlsx,False,0,False,0
296186,205,986,38.75,-113.5,UT,gs://infrasure-scr-data/onshore_wind/physical_risk/CONUS13K_Cell_296186_UT_WEIM_OnshoreWind_physical_risks.xlsx,False,0,False,0
296188,205,988,38.75,-113.0,UT,gs://infrasure-scr-data/onshore_wind/physical_risk/CONUS13K_Cell_296188_UT_WEIM_OnshoreWind_physical_risks.xlsx,False,0,False,0
296196,205,996,38.75,-111.0,UT,gs://infrasure-scr-data/onshore_wind/physical_risk/CONUS13K_Cell_296196_UT_WEIM_OnshoreWind_physical_risks.xlsx,False,0,False,0
296197,205,997,38.75,-110.75,UT,gs://infrasure-scr-data/onshore_wind/physical_risk/CONUS13K_Cell_296197_UT_WEIM_OnshoreWind_physical_risks.xlsx,False,0,False,0
296198,205,998,38.75,-110.5,UT,gs://infrasure-scr-data/onshore_wind/physical_risk/CONUS13K_Cell_296198_UT_WEIM_OnshoreWind_physical_risks.xlsx,False,0,False,0
296199,205,999,38.75,-110.25,UT,gs://infrasure-scr-data/onshore_wind/physical_risk/CONUS13K_Cell_296199_UT_WEIM_OnshoreWind_physical_risks.xlsx,False,0,False,0
296200,205,1000,38.75,-110.0,UT,gs://infrasure-scr-data/onshore_wind/physical_risk/CONUS13K_Cell_296200_UT_WEIM_OnshoreWind_physical_risks.xlsx,False,0,False,0
296201,205,1001,38.75,-109.75,UT,gs://infrasure-scr-data/onshore_wind/physical_risk/CONUS13K_Cell_296201_UT_WEIM_OnshoreWind_physical_risks.xlsx,False,0,False,0
296217,205,1017,38.75,-105.75,CO,gs://infrasure-scr-data/onshore_wind/physical_risk/CONUS13K_Cell_296217_CO_WEIM_OnshoreWind_physical_risks.xlsx,False,0,False,0
296222,205,1022,38.75,-104.5,CO,gs://infrasure-scr-data/onshore_wind/physical_risk/CONUS13K_Cell_296222_CO_WEIM_OnshoreWind_physical_risks.xlsx,False,0,False,0
296223,205,1023,38.75,-104.25,CO,gs://infrasure-scr-data/onshore_wind/physical_risk/CONUS13K_Cell_296223_CO_WEIM_OnshoreWind_physical_risks.xlsx,False,0,False,0
296224,205,1024,38.75,-104.0,CO,gs://infrasure-scr-data/onshore_wind/physical_risk/CONUS13K_Cell_296224_CO_WEIM_OnshoreWind_physical_risks.xlsx,False,0,False,0
296225,205,1025,38.75,-103.75,CO,gs://infrasure-scr-data/onshore_wind/physical_risk/CONUS13K_Cell_296225_CO_WEIM_OnshoreWind_physical_risks.xlsx,False,0,False,0
296226,205,1026,38.75,-103.5,CO,gs://infrasure-scr-data/onshore_wind/physical_risk/CONUS13K_Cell_296226_CO_WEIM_OnshoreWind_physical_risks.xlsx,False,0,False,0
296227,205,1027,38.75,-103.25,CO,gs://infrasure-scr-data/onshore_wind/physical_risk/CONUS13K_Cell_296227_CO_WEIM_OnshoreWind_physical_risks.xlsx,False,0,False,0
296228,205,1028,38.75,-103.0,CO,gs://infrasure-scr-data/onshore_wind/physical_risk/CONUS13K_Cell_296228_CO_WEIM_OnshoreWind_physical_risks.xlsx,False,0,False,0
296229,205,1029,38.75,-102.75,CO,gs://infrasure-scr-data/onshore_wind/physical_risk/CONUS13K_Cell_296229_CO_WEIM_OnshoreWind_physical_risks.xlsx,False,0,False,0
296230,205,1030,38.75,-102.5,CO,gs://infrasure-scr-data/onshore_wind/physical_risk/CONUS13K_Cell_296230_CO_WEIM_OnshoreWind_physical_risks.xlsx,False,0,False,0
296232,205,1032,38.75,-102.0,KS,gs://infrasure-scr-data/onshore_wind/physical_risk/CONUS13K_Cell_296232_KS_SPP_OnshoreWind_physical_risks.xlsx,False,0,False,0
296243,205,1043,38.75,-99.25,KS,gs://infrasure-scr-data/onshore_wind/physical_risk/CONUS13K_Cell_296243_KS_SPP_OnshoreWind_physical_risks.xlsx,False,0,False,0
297606,206,966,38.5,-118.5,NV,gs://infrasure-scr-data/onshore_wind/physical_risk/CONUS13K_Cell_297606_NV_WEIM_OnshoreWind_physical_risks.xlsx,False,0,False,0
297607,206,967,38.5,-118.25,NV,gs://infrasure-scr-data/onshore_wind/physical_risk/CONUS13K_Cell_297607_NV_WEIM_OnshoreWind_physical_risks.xlsx,False,0,False,0
297610,206,970,38.5,-117.5,NV,gs://infrasure-scr-data/onshore_wind/physical_risk/CONUS13K_Cell_297610_NV_WEIM_OnshoreWind_physical_risks.xlsx,False,0,False,0
297615,206,975,38.5,-116.25,NV,gs://infrasure-scr-data/onshore_wind/physical_risk/CONUS13K_Cell_297615_NV_WEIM_OnshoreWind_physical_risks.xlsx,False,0,False,0
297616,206,976,38.5,-116.0,NV,gs://infrasure-scr-data/onshore_wind/physical_risk/CONUS13K_Cell_297616_NV_WEIM_OnshoreWind_physical_risks.xlsx,False,0,False,0
297617,206,977,38.5,-115.75,NV,gs://infrasure-scr-data/onshore_wind/physical_risk/CONUS13K_Cell_297617_NV_WEIM_OnshoreWind_physical_risks.xlsx,False,0,False,0
297620,206,980,38.5,-115.0,NV,gs://infrasure-scr-data/onshore_wind/physical_risk/CONUS13K_Cell_297620_NV_WEIM_OnshoreWind_physical_risks.xlsx,False,0,False,0
297625,206,985,38.5,-113.75,UT,gs://infrasure-scr-data/onshore_wind/physical_risk/CONUS13K_Cell_297625_UT_WEIM_OnshoreWind_physical_risks.xlsx,False,0,False,0
297636,206,996,38.5,-111.0,UT,gs://infrasure-scr-data/onshore_wind/physical_risk/CONUS13K_Cell_297636_UT_WEIM_OnshoreWind_physical_risks.xlsx,False,0,False,0
297637,206,997,38.5,-110.75,UT,gs://infrasure-scr-data/onshore_wind/physical_risk/CONUS13K_Cell_297637_UT_WEIM_OnshoreWind_physical_risks.xlsx,False,0,False,0
297638,206,998,38.5,-110.5,UT,gs://infrasure-scr-data/onshore_wind/physical_risk/CONUS13K_Cell_297638_UT_WEIM_OnshoreWind_physical_risks.xlsx,False,0,False,0
297639,206,999,38.5,-110.25,UT,gs://infrasure-scr-data/onshore_wind/physical_risk/CONUS13K_Cell_297639_UT_WEIM_OnshoreWind_physical_risks.xlsx,False,0,False,0
297640,206,1000,38.5,-110.0,UT,gs://infrasure-scr-data/onshore_wind/physical_risk/CONUS13K_Cell_297640_UT_WEIM_OnshoreWind_physical_risks.xlsx,False,0,False,0
297663,206,1023,38.5,-104.25,CO,gs://infrasure-scr-data/onshore_wind/physical_risk/CONUS13K_Cell_297663_CO_WEIM_OnshoreWind_physical_risks.xlsx,False,0,False,0
297664,206,1024,38.5,-104.0,CO,gs://infrasure-scr-data/onshore_wind/physical_risk/CONUS13K_Cell_297664_CO_WEIM_OnshoreWind_physical_risks.xlsx,False,0,False,0
297665,206,1025,38.5,-103.75,CO,gs://infrasure-scr-data/onshore_wind/physical_risk/CONUS13K_Cell_297665_CO_WEIM_OnshoreWind_physical_risks.xlsx,False,0,False,0
297666,206,1026,38.5,-103.5,CO,gs://infrasure-scr-data/onshore_wind/physical_risk/CONUS13K_Cell_297666_CO_WEIM_OnshoreWind_physical_risks.xlsx,False,0,False,0
297667,206,1027,38.5,-103.25,CO,gs://infrasure-scr-data/onshore_wind/physical_risk/CONUS13K_Cell_297667_CO_WEIM_OnshoreWind_physical_risks.xlsx,False,0,False,0
297669,206,1029,38.5,-102.75,CO,gs://infrasure-scr-data/onshore_wind/physical_risk/CONUS13K_Cell_297669_CO_WEIM_OnshoreWind_physical_risks.xlsx,False,0,False,0
297671,206,1031,38.5,-102.25,CO,gs://infrasure-scr-data/onshore_wind/physical_risk/CONUS13K_Cell_297671_CO_WEIM_OnshoreWind_physical_risks.xlsx,False,0,False,0
297675,206,1035,38.5,-101.25,KS,gs://infrasure-scr-data/onshore_wind/physical_risk/CONUS13K_Cell_297675_KS_SPP_OnshoreWind_physical_risks.xlsx,False,0,False,0
299048,207,968,38.25,-118.0,NV,gs://infrasure-scr-data/onshore_wind/physical_risk/CONUS13K_Cell_299048_NV_WEIM_OnshoreWind_physical_risks.xlsx,False,0,False,0
299049,207,969,38.25,-117.75,NV,gs://infrasure-scr-data/onshore_wind/physical_risk/CONUS13K_Cell_299049_NV_WEIM_OnshoreWind_physical_risks.xlsx,False,0,False,0
299052,207,972,38.25,-117.0,NV,gs://infrasure-scr-data/onshore_wind/physical_risk/CONUS13K_Cell_299052_NV_WEIM_OnshoreWind_physical_risks.xlsx,False,0,False,0
299055,207,975,38.25,-116.25,NV,gs://infrasure-scr-data/onshore_wind/physical_risk/CONUS13K_Cell_299055_NV_WEIM_OnshoreWind_physical_risks.xlsx,False,0,False,0
299059,207,979,38.25,-115.25,NV,gs://infrasure-scr-data/onshore_wind/physical_risk/CONUS13K_Cell_299059_NV_WEIM_OnshoreWind_physical_risks.xlsx,False,0,False,0
299060,207,980,38.25,-115.0,NV,gs://infrasure-scr-data/onshore_wind/physical_risk/CONUS13K_Cell_299060_NV_WEIM_OnshoreWind_physical_risks.xlsx,False,0,False,0
299068,207,988,38.25,-113.0,UT,gs://infrasure-scr-data/onshore_wind/physical_risk/CONUS13K_Cell_299068_UT_WEIM_OnshoreWind_physical_risks.xlsx,False,0,False,0
299076,207,996,38.25,-111.0,UT,gs://infrasure-scr-data/onshore_wind/physical_risk/CONUS13K_Cell_299076_UT_WEIM_OnshoreWind_physical_risks.xlsx,False,0,False,0
299077,207,997,38.25,-110.75,UT,gs://infrasure-scr-data/onshore_wind/physical_risk/CONUS13K_Cell_299077_UT_WEIM_OnshoreWind_physical_risks.xlsx,False,0,False,0
299079,207,999,38.25,-110.25,UT,gs://infrasure-scr-data/onshore_wind/physical_risk/CONUS13K_Cell_299079_UT_WEIM_OnshoreWind_physical_risks.xlsx,False,0,False,0
299080,207,1000,38.25,-110.0,UT,gs://infrasure-scr-data/onshore_wind/physical_risk/CONUS13K_Cell_299080_UT_WEIM_OnshoreWind_physical_risks.xlsx,False,0,False,0
299082,207,1002,38.25,-109.5,UT,gs://infrasure-scr-data/onshore_wind/physical_risk/CONUS13K_Cell_299082_UT_WEIM_OnshoreWind_physical_risks.xlsx,False,0,False,0
299096,207,1016,38.25,-106.0,CO,gs://infrasure-scr-data/onshore_wind/physical_risk/CONUS13K_Cell_299096_CO_WEIM_OnshoreWind_physical_risks.xlsx,False,0,False,0
299104,207,1024,38.25,-104.0,CO,gs://infrasure-scr-data/onshore_wind/physical_risk/CONUS13K_Cell_299104_CO_WEIM_OnshoreWind_physical_risks.xlsx,False,0,False,0
299106,207,1026,38.25,-103.5,CO,gs://infrasure-scr-data/onshore_wind/physical_risk/CONUS13K_Cell_299106_CO_WEIM_OnshoreWind_physical_risks.xlsx,False,0,False,0
299108,207,1028,38.25,-103.0,CO,gs://infrasure-scr-data/onshore_wind/physical_risk/CONUS13K_Cell_299108_CO_WEIM_OnshoreWind_physical_risks.xlsx,False,0,False,0
299110,207,1030,38.25,-102.5,CO,gs://infrasure-scr-data/onshore_wind/physical_risk/CONUS13K_Cell_299110_CO_WEIM_OnshoreWind_physical_risks.xlsx,False,0,False,0
299117,207,1037,38.25,-100.75,KS,gs://infrasure-scr-data/onshore_wind/physical_risk/CONUS13K_Cell_299117_KS_SPP_OnshoreWind_physical_risks.xlsx,False,0,False,0
299182,207,1102,38.25,-84.5,KY,gs://infrasure-scr-data/onshore_wind/physical_risk/CONUS13K_Cell_299182_KY_PJM_OnshoreWind_physical_risks.xlsx,False,0,False,0
300484,208,964,38.0,-119.0,CA,gs://infrasure-scr-data/onshore_wind/physical_risk/CONUS13K_Cell_300484_CA_CAISO_OnshoreWind_physical_risks.xlsx,False,0,False,0
300487,208,967,38.0,-118.25,NV,gs://infrasure-scr-data/onshore_wind/physical_risk/CONUS13K_Cell_300487_NV_WEIM_OnshoreWind_physical_risks.xlsx,False,0,False,0
300489,208,969,38.0,-117.75,NV,gs://infrasure-scr-data/onshore_wind/physical_risk/CONUS13K_Cell_300489_NV_WEIM_OnshoreWind_physical_risks.xlsx,False,0,False,0
300490,208,970,38.0,-117.5,NV,gs://infrasure-scr-data/onshore_wind/physical_risk/CONUS13K_Cell_300490_NV_WEIM_OnshoreWind_physical_risks.xlsx,False,0,False,0
300492,208,972,38.0,-117.0,NV,gs://infrasure-scr-data/onshore_wind/physical_risk/CONUS13K_Cell_300492_NV_WEIM_OnshoreWind_physical_risks.xlsx,False,0,False,0
300493,208,973,38.0,-116.75,NV,gs://infrasure-scr-data/onshore_wind/physical_risk/CONUS13K_Cell_300493_NV_WEIM_OnshoreWind_physical_risks.xlsx,False,0,False,0
300495,208,975,38.0,-116.25,NV,gs://infrasure-scr-data/onshore_wind/physical_risk/CONUS13K_Cell_300495_NV_WEIM_OnshoreWind_physical_risks.xlsx,False,0,False,0
300496,208,976,38.0,-116.0,NV,gs://infrasure-scr-data/onshore_wind/physical_risk/CONUS13K_Cell_300496_NV_WEIM_OnshoreWind_physical_risks.xlsx,False,0,False,0
300498,208,978,38.0,-115.5,NV,gs://infrasure-scr-data/onshore_wind/physical_risk/CONUS13K_Cell_300498_NV_WEIM_OnshoreWind_physical_risks.xlsx,False,0,False,0
300499,208,979,38.0,-115.25,NV,gs://infrasure-scr-data/onshore_wind/physical_risk/CONUS13K_Cell_300499_NV_WEIM_OnshoreWind_physical_risks.xlsx,False,0,False,0
300519,208,999,38.0,-110.25,UT,gs://infrasure-scr-data/onshore_wind/physical_risk/CONUS13K_Cell_300519_UT_WEIM_OnshoreWind_physical_risks.xlsx,False,0,False,0
300520,208,1000,38.0,-110.0,UT,gs://infrasure-scr-data/onshore_wind/physical_risk/CONUS13K_Cell_300520_UT_WEIM_OnshoreWind_physical_risks.xlsx,False,0,False,0
300543,208,1023,38.0,-104.25,CO,gs://infrasure-scr-data/onshore_wind/physical_risk/CONUS13K_Cell_300543_CO_WEIM_OnshoreWind_physical_risks.xlsx,False,0,False,0
300544,208,1024,38.0,-104.0,CO,gs://infrasure-scr-data/onshore_wind/physical_risk/CONUS13K_Cell_300544_CO_WEIM_OnshoreWind_physical_risks.xlsx,False,0,False,0
300548,208,1028,38.0,-103.0,CO,gs://infrasure-scr-data/onshore_wind/physical_risk/CONUS13K_Cell_300548_CO_WEIM_OnshoreWind_physical_risks.xlsx,False,0,False,0
300549,208,1029,38.0,-102.75,CO,gs://infrasure-scr-data/onshore_wind/physical_risk/CONUS13K_Cell_300549_CO_WEIM_OnshoreWind_physical_risks.xlsx,False,0,False,0
301923,209,963,37.75,-119.25,CA,gs://infrasure-scr-data/onshore_wind/physical_risk/CONUS13K_Cell_301923_CA_CAISO_OnshoreWind_physical_risks.xlsx,False,0,False,0
301930,209,970,37.75,-117.5,NV,gs://infrasure-scr-data/onshore_wind/physical_risk/CONUS13K_Cell_301930_NV_WEIM_OnshoreWind_physical_risks.xlsx,False,0,False,0
301931,209,971,37.75,-117.25,NV,gs://infrasure-scr-data/onshore_wind/physical_risk/CONUS13K_Cell_301931_NV_WEIM_OnshoreWind_physical_risks.xlsx,False,0,False,0
301932,209,972,37.75,-117.0,NV,gs://infrasure-scr-data/onshore_wind/physical_risk/CONUS13K_Cell_301932_NV_WEIM_OnshoreWind_physical_risks.xlsx,False,0,False,0
301933,209,973,37.75,-116.75,NV,gs://infrasure-scr-data/onshore_wind/physical_risk/CONUS13K_Cell_301933_NV_WEIM_OnshoreWind_physical_risks.xlsx,False,0,False,0
301935,209,975,37.75,-116.25,NV,gs://infrasure-scr-data/onshore_wind/physical_risk/CONUS13K_Cell_301935_NV_WEIM_OnshoreWind_physical_risks.xlsx,False,0,False,0
301936,209,976,37.75,-116.0,NV,gs://infrasure-scr-data/onshore_wind/physical_risk/CONUS13K_Cell_301936_NV_WEIM_OnshoreWind_physical_risks.xlsx,False,0,False,0
301937,209,977,37.75,-115.75,NV,gs://infrasure-scr-data/onshore_wind/physical_risk/CONUS13K_Cell_301937_NV_WEIM_OnshoreWind_physical_risks.xlsx,False,0,False,0
301941,209,981,37.75,-114.75,NV,gs://infrasure-scr-data/onshore_wind/physical_risk/CONUS13K_Cell_301941_NV_WEIM_OnshoreWind_physical_risks.xlsx,False,0,False,0
301957,209,997,37.75,-110.75,UT,gs://infrasure-scr-data/onshore_wind/physical_risk/CONUS13K_Cell_301957_UT_WEIM_OnshoreWind_physical_risks.xlsx,False,0,False,0
301959,209,999,37.75,-110.25,UT,gs://infrasure-scr-data/onshore_wind/physical_risk/CONUS13K_Cell_301959_UT_WEIM_OnshoreWind_physical_risks.xlsx,False,0,False,0
301981,209,1021,37.75,-104.75,CO,gs://infrasure-scr-data/onshore_wind/physical_risk/CONUS13K_Cell_301981_CO_WEIM_OnshoreWind_physical_risks.xlsx,False,0,False,0
301982,209,1022,37.75,-104.5,CO,gs://infrasure-scr-data/onshore_wind/physical_risk/CONUS13K_Cell_301982_CO_WEIM_OnshoreWind_physical_risks.xlsx,False,0,False,0
301983,209,1023,37.75,-104.25,CO,gs://infrasure-scr-data/onshore_wind/physical_risk/CONUS13K_Cell_301983_CO_WEIM_OnshoreWind_physical_risks.xlsx,False,0,False,0
301988,209,1028,37.75,-103.0,CO,gs://infrasure-scr-data/onshore_wind/physical_risk/CONUS13K_Cell_301988_CO_WEIM_OnshoreWind_physical_risks.xlsx,False,0,False,0
303369,210,969,37.5,-117.75,NV,gs://infrasure-scr-data/onshore_wind/physical_risk/CONUS13K_Cell_303369_NV_WEIM_OnshoreWind_physical_risks.xlsx,False,0,False,0
303371,210,971,37.5,-117.25,NV,gs://infrasure-scr-data/onshore_wind/physical_risk/CONUS13K_Cell_303371_NV_WEIM_OnshoreWind_physical_risks.xlsx,False,0,False,0
303372,210,972,37.5,-117.0,NV,gs://infrasure-scr-data/onshore_wind/physical_risk/CONUS13K_Cell_303372_NV_WEIM_OnshoreWind_physical_risks.xlsx,False,0,False,0
303375,210,975,37.5,-116.25,NV,gs://infrasure-scr-data/onshore_wind/physical_risk/CONUS13K_Cell_303375_NV_WEIM_OnshoreWind_physical_risks.xlsx,False,0,False,0
303378,210,978,37.5,-115.5,NV,gs://infrasure-scr-data/onshore_wind/physical_risk/CONUS13K_Cell_303378_NV_WEIM_OnshoreWind_physical_risks.xlsx,False,0,False,0
303379,210,979,37.5,-115.25,NV,gs://infrasure-scr-data/onshore_wind/physical_risk/CONUS13K_Cell_303379_NV_WEIM_OnshoreWind_physical_risks.xlsx,False,0,False,0
303393,210,993,37.5,-111.75,UT,gs://infrasure-scr-data/onshore_wind/physical_risk/CONUS13K_Cell_303393_UT_WEIM_OnshoreWind_physical_risks.xlsx,False,0,False,0
303396,210,996,37.5,-111.0,UT,gs://infrasure-scr-data/onshore_wind/physical_risk/CONUS13K_Cell_303396_UT_WEIM_OnshoreWind_physical_risks.xlsx,False,0,False,0
303398,210,998,37.5,-110.5,UT,gs://infrasure-scr-data/onshore_wind/physical_risk/CONUS13K_Cell_303398_UT_WEIM_OnshoreWind_physical_risks.xlsx,False,0,False,0
303399,210,999,37.5,-110.25,UT,gs://infrasure-scr-data/onshore_wind/physical_risk/CONUS13K_Cell_303399_UT_WEIM_OnshoreWind_physical_risks.xlsx,False,0,False,0
303400,210,1000,37.5,-110.0,UT,gs://infrasure-scr-data/onshore_wind/physical_risk/CONUS13K_Cell_303400_UT_WEIM_OnshoreWind_physical_risks.xlsx,False,0,False,0
303403,210,1003,37.5,-109.25,UT,gs://infrasure-scr-data/onshore_wind/physical_risk/CONUS13K_Cell_303403_UT_WEIM_OnshoreWind_physical_risks.xlsx,False,0,False,0
303422,210,1022,37.5,-104.5,CO,gs://infrasure-scr-data/onshore_wind/physical_risk/CONUS13K_Cell_303422_CO_WEIM_OnshoreWind_physical_risks.xlsx,False,0,False,0
303428,210,1028,37.5,-103.0,CO,gs://infrasure-scr-data/onshore_wind/physical_risk/CONUS13K_Cell_303428_CO_WEIM_OnshoreWind_physical_risks.xlsx,False,0,False,0
304809,211,969,37.25,-117.75,CA,gs://infrasure-scr-data/onshore_wind/physical_risk/CONUS13K_Cell_304809_CA_CAISO_OnshoreWind_physical_risks.xlsx,False,0,False,0
304810,211,970,37.25,-117.5,NV,gs://infrasure-scr-data/onshore_wind/physical_risk/CONUS13K_Cell_304810_NV_WEIM_OnshoreWind_physical_risks.xlsx,False,0,False,0
304811,211,971,37.25,-117.25,NV,gs://infrasure-scr-data/onshore_wind/physical_risk/CONUS13K_Cell_304811_NV_WEIM_OnshoreWind_physical_risks.xlsx,False,0,False,0
304812,211,972,37.25,-117.0,NV,gs://infrasure-scr-data/onshore_wind/physical_risk/CONUS13K_Cell_304812_NV_WEIM_OnshoreWind_physical_risks.xlsx,False,0,False,0
304817,211,977,37.25,-115.75,NV,gs://infrasure-scr-data/onshore_wind/physical_risk/CONUS13K_Cell_304817_NV_WEIM_OnshoreWind_physical_risks.xlsx,False,0,False,0
304818,211,978,37.25,-115.5,NV,gs://infrasure-scr-data/onshore_wind/physical_risk/CONUS13K_Cell_304818_NV_WEIM_OnshoreWind_physical_risks.xlsx,False,0,False,0
304822,211,982,37.25,-114.5,NV,gs://infrasure-scr-data/onshore_wind/physical_risk/CONUS13K_Cell_304822_NV_WEIM_OnshoreWind_physical_risks.xlsx,False,0,False,0
304833,211,993,37.25,-111.75,UT,gs://infrasure-scr-data/onshore_wind/physical_risk/CONUS13K_Cell_304833_UT_WEIM_OnshoreWind_physical_risks.xlsx,False,0,False,0
304834,211,994,37.25,-111.5,UT,gs://infrasure-scr-data/onshore_wind/physical_risk/CONUS13K_Cell_304834_UT_WEIM_OnshoreWind_physical_risks.xlsx,False,0,False,0
304839,211,999,37.25,-110.25,UT,gs://infrasure-scr-data/onshore_wind/physical_risk/CONUS13K_Cell_304839_UT_WEIM_OnshoreWind_physical_risks.xlsx,False,0,False,0
304840,211,1000,37.25,-110.0,UT,gs://infrasure-scr-data/onshore_wind/physical_risk/CONUS13K_Cell_304840_UT_WEIM_OnshoreWind_physical_risks.xlsx,False,0,False,0
304841,211,1001,37.25,-109.75,UT,gs://infrasure-scr-data/onshore_wind/physical_risk/CONUS13K_Cell_304841_UT_WEIM_OnshoreWind_physical_risks.xlsx,False,0,False,0
304842,211,1002,37.25,-109.5,UT,gs://infrasure-scr-data/onshore_wind/physical_risk/CONUS13K_Cell_304842_UT_WEIM_OnshoreWind_physical_risks.xlsx,False,0,False,0
304843,211,1003,37.25,-109.25,UT,gs://infrasure-scr-data/onshore_wind/physical_risk/CONUS13K_Cell_304843_UT_WEIM_OnshoreWind_physical_risks.xlsx,False,0,False,0
304858,211,1018,37.25,-105.5,CO,gs://infrasure-scr-data/onshore_wind/physical_risk/CONUS13K_Cell_304858_CO_WEIM_OnshoreWind_physical_risks.xlsx,False,0,False,0
304866,211,1026,37.25,-103.5,CO,gs://infrasure-scr-data/onshore_wind/physical_risk/CONUS13K_Cell_304866_CO_WEIM_OnshoreWind_physical_risks.xlsx,False,0,False,0
304867,211,1027,37.25,-103.25,CO,gs://infrasure-scr-data/onshore_wind/physical_risk/CONUS13K_Cell_304867_CO_WEIM_OnshoreWind_physical_risks.xlsx,False,0,False,0
304869,211,1029,37.25,-102.75,CO,gs://infrasure-scr-data/onshore_wind/physical_risk/CONUS13K_Cell_304869_CO_WEIM_OnshoreWind_physical_risks.xlsx,False,0,False,0
306249,212,969,37.0,-117.75,CA,gs://infrasure-scr-data/onshore_wind/physical_risk/CONUS13K_Cell_306249_CA_CAISO_OnshoreWind_physical_risks.xlsx,False,0,False,0
306250,212,970,37.0,-117.5,CA,gs://infrasure-scr-data/onshore_wind/physical_risk/CONUS13K_Cell_306250_CA_CAISO_OnshoreWind_physical_risks.xlsx,False,0,False,0
306251,212,971,37.0,-117.25,CA,gs://infrasure-scr-data/onshore_wind/physical_risk/CONUS13K_Cell_306251_CA_CAISO_OnshoreWind_physical_risks.xlsx,False,0,False,0
306252,212,972,37.0,-117.0,NV,gs://infrasure-scr-data/onshore_wind/physical_risk/CONUS13K_Cell_306252_NV_WEIM_OnshoreWind_physical_risks.xlsx,False,0,False,0
306253,212,973,37.0,-116.75,NV,gs://infrasure-scr-data/onshore_wind/physical_risk/CONUS13K_Cell_306253_NV_WEIM_OnshoreWind_physical_risks.xlsx,False,0,False,0
306256,212,976,37.0,-116.0,NV,gs://infrasure-scr-data/onshore_wind/physical_risk/CONUS13K_Cell_306256_NV_WEIM_OnshoreWind_physical_risks.xlsx,False,0,False,0
306257,212,977,37.0,-115.75,NV,gs://infrasure-scr-data/onshore_wind/physical_risk/CONUS13K_Cell_306257_NV_WEIM_OnshoreWind_physical_risks.xlsx,False,0,False,0
306258,212,978,37.0,-115.5,NV,gs://infrasure-scr-data/onshore_wind/physical_risk/CONUS13K_Cell_306258_NV_WEIM_OnshoreWind_physical_risks.xlsx,False,0,False,0
306273,212,993,37.0,-111.75,AZ,gs://infrasure-scr-data/onshore_wind/physical_risk/CONUS13K_Cell_306273_AZ_WEIM_OnshoreWind_physical_risks.xlsx,False,0,False,0
306278,212,998,37.0,-110.5,AZ,gs://infrasure-scr-data/onshore_wind/physical_risk/CONUS13K_Cell_306278_AZ_WEIM_OnshoreWind_physical_risks.xlsx,False,0,False,0
306279,212,999,37.0,-110.25,AZ,gs://infrasure-scr-data/onshore_wind/physical_risk/CONUS13K_Cell_306279_AZ_WEIM_OnshoreWind_physical_risks.xlsx,False,0,False,0
306280,212,1000,37.0,-110.0,AZ,gs://infrasure-scr-data/onshore_wind/physical_risk/CONUS13K_Cell_306280_AZ_WEIM_OnshoreWind_physical_risks.xlsx,False,0,False,0
306281,212,1001,37.0,-109.75,AZ,gs://infrasure-scr-data/onshore_wind/physical_risk/CONUS13K_Cell_306281_AZ_WEIM_OnshoreWind_physical_risks.xlsx,False,0,False,0
306282,212,1002,37.0,-109.5,AZ,gs://infrasure-scr-data/onshore_wind/physical_risk/CONUS13K_Cell_306282_AZ_WEIM_OnshoreWind_physical_risks.xlsx,False,0,False,0
306296,212,1016,37.0,-106.0,CO,gs://infrasure-scr-data/onshore_wind/physical_risk/CONUS13K_Cell_306296_CO_WEIM_OnshoreWind_physical_risks.xlsx,False,0,False,0
306297,212,1017,37.0,-105.75,CO,gs://infrasure-scr-data/onshore_wind/physical_risk/CONUS13K_Cell_306297_CO_WEIM_OnshoreWind_physical_risks.xlsx,False,0,False,0
307690,213,970,36.75,-117.5,CA,gs://infrasure-scr-data/onshore_wind/physical_risk/CONUS13K_Cell_307690_CA_CAISO_OnshoreWind_physical_risks.xlsx,False,0,False,0
307693,213,973,36.75,-116.75,NV,gs://infrasure-scr-data/onshore_wind/physical_risk/CONUS13K_Cell_307693_NV_WEIM_OnshoreWind_physical_risks.xlsx,False,0,False,0
307694,213,974,36.75,-116.5,NV,gs://infrasure-scr-data/onshore_wind/physical_risk/CONUS13K_Cell_307694_NV_WEIM_OnshoreWind_physical_risks.xlsx,False,0,False,0
307695,213,975,36.75,-116.25,NV,gs://infrasure-scr-data/onshore_wind/physical_risk/CONUS13K_Cell_307695_NV_WEIM_OnshoreWind_physical_risks.xlsx,False,0,False,0
307696,213,976,36.75,-116.0,NV,gs://infrasure-scr-data/onshore_wind/physical_risk/CONUS13K_Cell_307696_NV_WEIM_OnshoreWind_physical_risks.xlsx,False,0,False,0
307697,213,977,36.75,-115.75,NV,gs://infrasure-scr-data/onshore_wind/physical_risk/CONUS13K_Cell_307697_NV_WEIM_OnshoreWind_physical_risks.xlsx,False,0,False,0
307698,213,978,36.75,-115.5,NV,gs://infrasure-scr-data/onshore_wind/physical_risk/CONUS13K_Cell_307698_NV_WEIM_OnshoreWind_physical_risks.xlsx,False,0,False,0
307700,213,980,36.75,-115.0,NV,gs://infrasure-scr-data/onshore_wind/physical_risk/CONUS13K_Cell_307700_NV_WEIM_OnshoreWind_physical_risks.xlsx,False,0,False,0
307701,213,981,36.75,-114.75,NV,gs://infrasure-scr-data/onshore_wind/physical_risk/CONUS13K_Cell_307701_NV_WEIM_OnshoreWind_physical_risks.xlsx,False,0,False,0
307704,213,984,36.75,-114.0,AZ,gs://infrasure-scr-data/onshore_wind/physical_risk/CONUS13K_Cell_307704_AZ_WEIM_OnshoreWind_physical_risks.xlsx,False,0,False,0
307707,213,987,36.75,-113.25,AZ,gs://infrasure-scr-data/onshore_wind/physical_risk/CONUS13K_Cell_307707_AZ_WEIM_OnshoreWind_physical_risks.xlsx,False,0,False,0
307708,213,988,36.75,-113.0,AZ,gs://infrasure-scr-data/onshore_wind/physical_risk/CONUS13K_Cell_307708_AZ_WEIM_OnshoreWind_physical_risks.xlsx,False,0,False,0
307709,213,989,36.75,-112.75,AZ,gs://infrasure-scr-data/onshore_wind/physical_risk/CONUS13K_Cell_307709_AZ_WEIM_OnshoreWind_physical_risks.xlsx,False,0,False,0
307714,213,994,36.75,-111.5,AZ,gs://infrasure-scr-data/onshore_wind/physical_risk/CONUS13K_Cell_307714_AZ_WEIM_OnshoreWind_physical_risks.xlsx,False,0,False,0
307715,213,995,36.75,-111.25,AZ,gs://infrasure-scr-data/onshore_wind/physical_risk/CONUS13K_Cell_307715_AZ_WEIM_OnshoreWind_physical_risks.xlsx,False,0,False,0
307716,213,996,36.75,-111.0,AZ,gs://infrasure-scr-data/onshore_wind/physical_risk/CONUS13K_Cell_307716_AZ_WEIM_OnshoreWind_physical_risks.xlsx,False,0,False,0
307719,213,999,36.75,-110.25,AZ,gs://infrasure-scr-data/onshore_wind/physical_risk/CONUS13K_Cell_307719_AZ_WEIM_OnshoreWind_physical_risks.xlsx,False,0,False,0
307720,213,1000,36.75,-110.0,AZ,gs://infrasure-scr-data/onshore_wind/physical_risk/CONUS13K_Cell_307720_AZ_WEIM_OnshoreWind_physical_risks.xlsx,False,0,False,0
307721,213,1001,36.75,-109.75,AZ,gs://infrasure-scr-data/onshore_wind/physical_risk/CONUS13K_Cell_307721_AZ_WEIM_OnshoreWind_physical_risks.xlsx,False,0,False,0
307722,213,1002,36.75,-109.5,AZ,gs://infrasure-scr-data/onshore_wind/physical_risk/CONUS13K_Cell_307722_AZ_WEIM_OnshoreWind_physical_risks.xlsx,False,0,False,0
307725,213,1005,36.75,-108.75,NM,gs://infrasure-scr-data/onshore_wind/physical_risk/CONUS13K_Cell_307725_NM_WEIM_OnshoreWind_physical_risks.xlsx,False,0,False,0
307744,213,1024,36.75,-104.0,NM,gs://infrasure-scr-data/onshore_wind/physical_risk/CONUS13K_Cell_307744_NM_WEIM_OnshoreWind_physical_risks.xlsx,False,0,False,0
307745,213,1025,36.75,-103.75,NM,gs://infrasure-scr-data/onshore_wind/physical_risk/CONUS13K_Cell_307745_NM_WEIM_OnshoreWind_physical_risks.xlsx,False,0,False,0
307747,213,1027,36.75,-103.25,NM,gs://infrasure-scr-data/onshore_wind/physical_risk/CONUS13K_Cell_307747_NM_WEIM_OnshoreWind_physical_risks.xlsx,False,0,False,0
309131,214,971,36.5,-117.25,CA,gs://infrasure-scr-data/onshore_wind/physical_risk/CONUS13K_Cell_309131_CA_CAISO_OnshoreWind_physical_risks.xlsx,False,0,False,0
309132,214,972,36.5,-117.0,CA,gs://infrasure-scr-data/onshore_wind/physical_risk/CONUS13K_Cell_309132_CA_CAISO_OnshoreWind_physical_risks.xlsx,False,0,False,0
309135,214,975,36.5,-116.25,NV,gs://infrasure-scr-data/onshore_wind/physical_risk/CONUS13K_Cell_309135_NV_WEIM_OnshoreWind_physical_risks.xlsx,False,0,False,0
309137,214,977,36.5,-115.75,NV,gs://infrasure-scr-data/onshore_wind/physical_risk/CONUS13K_Cell_309137_NV_WEIM_OnshoreWind_physical_risks.xlsx,False,0,False,0
309138,214,978,36.5,-115.5,NV,gs://infrasure-scr-data/onshore_wind/physical_risk/CONUS13K_Cell_309138_NV_WEIM_OnshoreWind_physical_risks.xlsx,False,0,False,0
309140,214,980,36.5,-115.0,NV,gs://infrasure-scr-data/onshore_wind/physical_risk/CONUS13K_Cell_309140_NV_WEIM_OnshoreWind_physical_risks.xlsx,False,0,False,0
309142,214,982,36.5,-114.5,NV,gs://infrasure-scr-data/onshore_wind/physical_risk/CONUS13K_Cell_309142_NV_WEIM_OnshoreWind_physical_risks.xlsx,False,0,False,0
309149,214,989,36.5,-112.75,AZ,gs://infrasure-scr-data/onshore_wind/physical_risk/CONUS13K_Cell_309149_AZ_WEIM_OnshoreWind_physical_risks.xlsx,False,0,False,0
309153,214,993,36.5,-111.75,AZ,gs://infrasure-scr-data/onshore_wind/physical_risk/CONUS13K_Cell_309153_AZ_WEIM_OnshoreWind_physical_risks.xlsx,False,0,False,0
309154,214,994,36.5,-111.5,AZ,gs://infrasure-scr-data/onshore_wind/physical_risk/CONUS13K_Cell_309154_AZ_WEIM_OnshoreWind_physical_risks.xlsx,False,0,False,0
309155,214,995,36.5,-111.25,AZ,gs://infrasure-scr-data/onshore_wind/physical_risk/CONUS13K_Cell_309155_AZ_WEIM_OnshoreWind_physical_risks.xlsx,False,0,False,0
309157,214,997,36.5,-110.75,AZ,gs://infrasure-scr-data/onshore_wind/physical_risk/CONUS13K_Cell_309157_AZ_WEIM_OnshoreWind_physical_risks.xlsx,False,0,False,0
309161,214,1001,36.5,-109.75,AZ,gs://infrasure-scr-data/onshore_wind/physical_risk/CONUS13K_Cell_309161_AZ_WEIM_OnshoreWind_physical_risks.xlsx,False,0,False,0
309162,214,1002,36.5,-109.5,AZ,gs://infrasure-scr-data/onshore_wind/physical_risk/CONUS13K_Cell_309162_AZ_WEIM_OnshoreWind_physical_risks.xlsx,False,0,False,0
309165,214,1005,36.5,-108.75,NM,gs://infrasure-scr-data/onshore_wind/physical_risk/CONUS13K_Cell_309165_NM_WEIM_OnshoreWind_physical_risks.xlsx,False,0,False,0
309186,214,1026,36.5,-103.5,NM,gs://infrasure-scr-data/onshore_wind/physical_risk/CONUS13K_Cell_309186_NM_WEIM_OnshoreWind_physical_risks.xlsx,False,0,False,0
309189,214,1029,36.5,-102.75,TX,gs://infrasure-scr-data/onshore_wind/physical_risk/CONUS13K_Cell_309189_TX_ERCOT_OnshoreWind_physical_risks.xlsx,False,0,False,0
310570,215,970,36.25,-117.5,CA,gs://infrasure-scr-data/onshore_wind/physical_risk/CONUS13K_Cell_310570_CA_CAISO_OnshoreWind_physical_risks.xlsx,False,0,False,0
310573,215,973,36.25,-116.75,CA,gs://infrasure-scr-data/onshore_wind/physical_risk/CONUS13K_Cell_310573_CA_CAISO_OnshoreWind_physical_risks.xlsx,False,0,False,0
310574,215,974,36.25,-116.5,CA,gs://infrasure-scr-data/onshore_wind/physical_risk/CONUS13K_Cell_310574_CA_CAISO_OnshoreWind_physical_risks.xlsx,False,0,False,0
310579,215,979,36.25,-115.25,NV,gs://infrasure-scr-data/onshore_wind/physical_risk/CONUS13K_Cell_310579_NV_WEIM_OnshoreWind_physical_risks.xlsx,False,0,False,0
310581,215,981,36.25,-114.75,NV,gs://infrasure-scr-data/onshore_wind/physical_risk/CONUS13K_Cell_310581_NV_WEIM_OnshoreWind_physical_risks.xlsx,False,0,False,0
310594,215,994,36.25,-111.5,AZ,gs://infrasure-scr-data/onshore_wind/physical_risk/CONUS13K_Cell_310594_AZ_WEIM_OnshoreWind_physical_risks.xlsx,False,0,False,0
310595,215,995,36.25,-111.25,AZ,gs://infrasure-scr-data/onshore_wind/physical_risk/CONUS13K_Cell_310595_AZ_WEIM_OnshoreWind_physical_risks.xlsx,False,0,False,0
310596,215,996,36.25,-111.0,AZ,gs://infrasure-scr-data/onshore_wind/physical_risk/CONUS13K_Cell_310596_AZ_WEIM_OnshoreWind_physical_risks.xlsx,False,0,False,0
310601,215,1001,36.25,-109.75,AZ,gs://infrasure-scr-data/onshore_wind/physical_risk/CONUS13K_Cell_310601_AZ_WEIM_OnshoreWind_physical_risks.xlsx,False,0,False,0
310605,215,1005,36.25,-108.75,NM,gs://infrasure-scr-data/onshore_wind/physical_risk/CONUS13K_Cell_310605_NM_WEIM_OnshoreWind_physical_risks.xlsx,False,0,False,0
310606,215,1006,36.25,-108.5,NM,gs://infrasure-scr-data/onshore_wind/physical_risk/CONUS13K_Cell_310606_NM_WEIM_OnshoreWind_physical_risks.xlsx,False,0,False,0
310607,215,1007,36.25,-108.25,NM,gs://infrasure-scr-data/onshore_wind/physical_risk/CONUS13K_Cell_310607_NM_WEIM_OnshoreWind_physical_risks.xlsx,False,0,False,0
310608,215,1008,36.25,-108.0,NM,gs://infrasure-scr-data/onshore_wind/physical_risk/CONUS13K_Cell_310608_NM_WEIM_OnshoreWind_physical_risks.xlsx,False,0,False,0
310610,215,1010,36.25,-107.5,NM,gs://infrasure-scr-data/onshore_wind/physical_risk/CONUS13K_Cell_310610_NM_WEIM_OnshoreWind_physical_risks.xlsx,False,0,False,0
310621,215,1021,36.25,-104.75,NM,gs://infrasure-scr-data/onshore_wind/physical_risk/CONUS13K_Cell_310621_NM_WEIM_OnshoreWind_physical_risks.xlsx,False,0,False,0
310622,215,1022,36.25,-104.5,NM,gs://infrasure-scr-data/onshore_wind/physical_risk/CONUS13K_Cell_310622_NM_WEIM_OnshoreWind_physical_risks.xlsx,False,0,False,0
310623,215,1023,36.25,-104.25,NM,gs://infrasure-scr-data/onshore_wind/physical_risk/CONUS13K_Cell_310623_NM_WEIM_OnshoreWind_physical_risks.xlsx,False,0,False,0
310625,215,1025,36.25,-103.75,NM,gs://infrasure-scr-data/onshore_wind/physical_risk/CONUS13K_Cell_310625_NM_WEIM_OnshoreWind_physical_risks.xlsx,False,0,False,0
312014,216,974,36.0,-116.5,CA,gs://infrasure-scr-data/onshore_wind/physical_risk/CONUS13K_Cell_312014_CA_CAISO_OnshoreWind_physical_risks.xlsx,False,0,False,0
312015,216,975,36.0,-116.25,CA,gs://infrasure-scr-data/onshore_wind/physical_risk/CONUS13K_Cell_312015_CA_CAISO_OnshoreWind_physical_risks.xlsx,False,0,False,0
312016,216,976,36.0,-116.0,CA,gs://infrasure-scr-data/onshore_wind/physical_risk/CONUS13K_Cell_312016_CA_CAISO_OnshoreWind_physical_risks.xlsx,False,0,False,0
312017,216,977,36.0,-115.75,NV,gs://infrasure-scr-data/onshore_wind/physical_risk/CONUS13K_Cell_312017_NV_WEIM_OnshoreWind_physical_risks.xlsx,False,0,False,0
312022,216,982,36.0,-114.5,AZ,gs://infrasure-scr-data/onshore_wind/physical_risk/CONUS13K_Cell_312022_AZ_WEIM_OnshoreWind_physical_risks.xlsx,False,0,False,0
312034,216,994,36.0,-111.5,AZ,gs://infrasure-scr-data/onshore_wind/physical_risk/CONUS13K_Cell_312034_AZ_WEIM_OnshoreWind_physical_risks.xlsx,False,0,False,0
312035,216,995,36.0,-111.25,AZ,gs://infrasure-scr-data/onshore_wind/physical_risk/CONUS13K_Cell_312035_AZ_WEIM_OnshoreWind_physical_risks.xlsx,False,0,False,0
312036,216,996,36.0,-111.0,AZ,gs://infrasure-scr-data/onshore_wind/physical_risk/CONUS13K_Cell_312036_AZ_WEIM_OnshoreWind_physical_risks.xlsx,False,0,False,0
312039,216,999,36.0,-110.25,AZ,gs://infrasure-scr-data/onshore_wind/physical_risk/CONUS13K_Cell_312039_AZ_WEIM_OnshoreWind_physical_risks.xlsx,False,0,False,0
312040,216,1000,36.0,-110.0,AZ,gs://infrasure-scr-data/onshore_wind/physical_risk/CONUS13K_Cell_312040_AZ_WEIM_OnshoreWind_physical_risks.xlsx,False,0,False,0
312041,216,1001,36.0,-109.75,AZ,gs://infrasure-scr-data/onshore_wind/physical_risk/CONUS13K_Cell_312041_AZ_WEIM_OnshoreWind_physical_risks.xlsx,False,0,False,0
312046,216,1006,36.0,-108.5,NM,gs://infrasure-scr-data/onshore_wind/physical_risk/CONUS13K_Cell_312046_NM_WEIM_OnshoreWind_physical_risks.xlsx,False,0,False,0
312047,216,1007,36.0,-108.25,NM,gs://infrasure-scr-data/onshore_wind/physical_risk/CONUS13K_Cell_312047_NM_WEIM_OnshoreWind_physical_risks.xlsx,False,0,False,0
312060,216,1020,36.0,-105.0,NM,gs://infrasure-scr-data/onshore_wind/physical_risk/CONUS13K_Cell_312060_NM_WEIM_OnshoreWind_physical_risks.xlsx,False,0,False,0
312064,216,1024,36.0,-104.0,NM,gs://infrasure-scr-data/onshore_wind/physical_risk/CONUS13K_Cell_312064_NM_WEIM_OnshoreWind_physical_risks.xlsx,False,0,False,0
312066,216,1026,36.0,-103.5,NM,gs://infrasure-scr-data/onshore_wind/physical_risk/CONUS13K_Cell_312066_NM_WEIM_OnshoreWind_physical_risks.xlsx,False,0,False,0
312067,216,1027,36.0,-103.25,NM,gs://infrasure-scr-data/onshore_wind/physical_risk/CONUS13K_Cell_312067_NM_WEIM_OnshoreWind_physical_risks.xlsx,False,0,False,0
313441,217,961,35.75,-119.75,CA,gs://infrasure-scr-data/onshore_wind/physical_risk/CONUS13K_Cell_313441_CA_CAISO_OnshoreWind_physical_risks.xlsx,False,0,False,0
313449,217,969,35.75,-117.75,CA,gs://infrasure-scr-data/onshore_wind/physical_risk/CONUS13K_Cell_313449_CA_CAISO_OnshoreWind_physical_risks.xlsx,False,0,False,0
313451,217,971,35.75,-117.25,CA,gs://infrasure-scr-data/onshore_wind/physical_risk/CONUS13K_Cell_313451_CA_CAISO_OnshoreWind_physical_risks.xlsx,False,0,False,0
313452,217,972,35.75,-117.0,CA,gs://infrasure-scr-data/onshore_wind/physical_risk/CONUS13K_Cell_313452_CA_CAISO_OnshoreWind_physical_risks.xlsx,False,0,False,0
313453,217,973,35.75,-116.75,CA,gs://infrasure-scr-data/onshore_wind/physical_risk/CONUS13K_Cell_313453_CA_CAISO_OnshoreWind_physical_risks.xlsx,False,0,False,0
313454,217,974,35.75,-116.5,CA,gs://infrasure-scr-data/onshore_wind/physical_risk/CONUS13K_Cell_313454_CA_CAISO_OnshoreWind_physical_risks.xlsx,False,0,False,0
313455,217,975,35.75,-116.25,CA,gs://infrasure-scr-data/onshore_wind/physical_risk/CONUS13K_Cell_313455_CA_CAISO_OnshoreWind_physical_risks.xlsx,False,0,False,0
313457,217,977,35.75,-115.75,CA,gs://infrasure-scr-data/onshore_wind/physical_risk/CONUS13K_Cell_313457_CA_CAISO_OnshoreWind_physical_risks.xlsx,False,0,False,0
313459,217,979,35.75,-115.25,NV,gs://infrasure-scr-data/onshore_wind/physical_risk/CONUS13K_Cell_313459_NV_WEIM_OnshoreWind_physical_risks.xlsx,False,0,False,0
313460,217,980,35.75,-115.0,NV,gs://infrasure-scr-data/onshore_wind/physical_risk/CONUS13K_Cell_313460_NV_WEIM_OnshoreWind_physical_risks.xlsx,False,0,False,0
313461,217,981,35.75,-114.75,NV,gs://infrasure-scr-data/onshore_wind/physical_risk/CONUS13K_Cell_313461_NV_WEIM_OnshoreWind_physical_risks.xlsx,False,0,False,0
313470,217,990,35.75,-112.5,AZ,gs://infrasure-scr-data/onshore_wind/physical_risk/CONUS13K_Cell_313470_AZ_WEIM_OnshoreWind_physical_risks.xlsx,False,0,False,0
313474,217,994,35.75,-111.5,AZ,gs://infrasure-scr-data/onshore_wind/physical_risk/CONUS13K_Cell_313474_AZ_WEIM_OnshoreWind_physical_risks.xlsx,False,0,False,0
313475,217,995,35.75,-111.25,AZ,gs://infrasure-scr-data/onshore_wind/physical_risk/CONUS13K_Cell_313475_AZ_WEIM_OnshoreWind_physical_risks.xlsx,False,0,False,0
313476,217,996,35.75,-111.0,AZ,gs://infrasure-scr-data/onshore_wind/physical_risk/CONUS13K_Cell_313476_AZ_WEIM_OnshoreWind_physical_risks.xlsx,False,0,False,0
313477,217,997,35.75,-110.75,AZ,gs://infrasure-scr-data/onshore_wind/physical_risk/CONUS13K_Cell_313477_AZ_WEIM_OnshoreWind_physical_risks.xlsx,False,0,False,0
313478,217,998,35.75,-110.5,AZ,gs://infrasure-scr-data/onshore_wind/physical_risk/CONUS13K_Cell_313478_AZ_WEIM_OnshoreWind_physical_risks.xlsx,False,0,False,0
313479,217,999,35.75,-110.25,AZ,gs://infrasure-scr-data/onshore_wind/physical_risk/CONUS13K_Cell_313479_AZ_WEIM_OnshoreWind_physical_risks.xlsx,False,0,False,0
313480,217,1000,35.75,-110.0,AZ,gs://infrasure-scr-data/onshore_wind/physical_risk/CONUS13K_Cell_313480_AZ_WEIM_OnshoreWind_physical_risks.xlsx,False,0,False,0
313485,217,1005,35.75,-108.75,NM,gs://infrasure-scr-data/onshore_wind/physical_risk/CONUS13K_Cell_313485_NM_WEIM_OnshoreWind_physical_risks.xlsx,False,0,False,0
313486,217,1006,35.75,-108.5,NM,gs://infrasure-scr-data/onshore_wind/physical_risk/CONUS13K_Cell_313486_NM_WEIM_OnshoreWind_physical_risks.xlsx,False,0,False,0
313487,217,1007,35.75,-108.25,NM,gs://infrasure-scr-data/onshore_wind/physical_risk/CONUS13K_Cell_313487_NM_WEIM_OnshoreWind_physical_risks.xlsx,False,0,False,0
313488,217,1008,35.75,-108.0,NM,gs://infrasure-scr-data/onshore_wind/physical_risk/CONUS13K_Cell_313488_NM_WEIM_OnshoreWind_physical_risks.xlsx,False,0,False,0
313490,217,1010,35.75,-107.5,NM,gs://infrasure-scr-data/onshore_wind/physical_risk/CONUS13K_Cell_313490_NM_WEIM_OnshoreWind_physical_risks.xlsx,False,0,False,0
313500,217,1020,35.75,-105.0,NM,gs://infrasure-scr-data/onshore_wind/physical_risk/CONUS13K_Cell_313500_NM_WEIM_OnshoreWind_physical_risks.xlsx,False,0,False,0
313506,217,1026,35.75,-103.5,NM,gs://infrasure-scr-data/onshore_wind/physical_risk/CONUS13K_Cell_313506_NM_WEIM_OnshoreWind_physical_risks.xlsx,False,0,False,0
314889,218,969,35.5,-117.75,CA,gs://infrasure-scr-data/onshore_wind/physical_risk/CONUS13K_Cell_314889_CA_CAISO_OnshoreWind_physical_risks.xlsx,False,0,False,0
314890,218,970,35.5,-117.5,CA,gs://infrasure-scr-data/onshore_wind/physical_risk/CONUS13K_Cell_314890_CA_CAISO_OnshoreWind_physical_risks.xlsx,False,0,False,0
314891,218,971,35.5,-117.25,CA,gs://infrasure-scr-data/onshore_wind/physical_risk/CONUS13K_Cell_314891_CA_CAISO_OnshoreWind_physical_risks.xlsx,False,0,False,0
314892,218,972,35.5,-117.0,CA,gs://infrasure-scr-data/onshore_wind/physical_risk/CONUS13K_Cell_314892_CA_CAISO_OnshoreWind_physical_risks.xlsx,False,0,False,0
314893,218,973,35.5,-116.75,CA,gs://infrasure-scr-data/onshore_wind/physical_risk/CONUS13K_Cell_314893_CA_CAISO_OnshoreWind_physical_risks.xlsx,False,0,False,0
314894,218,974,35.5,-116.5,CA,gs://infrasure-scr-data/onshore_wind/physical_risk/CONUS13K_Cell_314894_CA_CAISO_OnshoreWind_physical_risks.xlsx,False,0,False,0
314895,218,975,35.5,-116.25,CA,gs://infrasure-scr-data/onshore_wind/physical_risk/CONUS13K_Cell_314895_CA_CAISO_OnshoreWind_physical_risks.xlsx,False,0,False,0
314896,218,976,35.5,-116.0,CA,gs://infrasure-scr-data/onshore_wind/physical_risk/CONUS13K_Cell_314896_CA_CAISO_OnshoreWind_physical_risks.xlsx,False,0,False,0
314897,218,977,35.5,-115.75,CA,gs://infrasure-scr-data/onshore_wind/physical_risk/CONUS13K_Cell_314897_CA_CAISO_OnshoreWind_physical_risks.xlsx,False,0,False,0
314899,218,979,35.5,-115.25,NV,gs://infrasure-scr-data/onshore_wind/physical_risk/CONUS13K_Cell_314899_NV_WEIM_OnshoreWind_physical_risks.xlsx,False,0,False,0
314901,218,981,35.5,-114.75,NV,gs://infrasure-scr-data/onshore_wind/physical_risk/CONUS13K_Cell_314901_NV_WEIM_OnshoreWind_physical_risks.xlsx,False,0,False,0
314908,218,988,35.5,-113.0,AZ,gs://infrasure-scr-data/onshore_wind/physical_risk/CONUS13K_Cell_314908_AZ_WEIM_OnshoreWind_physical_risks.xlsx,False,0,False,0
314916,218,996,35.5,-111.0,AZ,gs://infrasure-scr-data/onshore_wind/physical_risk/CONUS13K_Cell_314916_AZ_WEIM_OnshoreWind_physical_risks.xlsx,False,0,False,0
314918,218,998,35.5,-110.5,AZ,gs://infrasure-scr-data/onshore_wind/physical_risk/CONUS13K_Cell_314918_AZ_WEIM_OnshoreWind_physical_risks.xlsx,False,0,False,0
314919,218,999,35.5,-110.25,AZ,gs://infrasure-scr-data/onshore_wind/physical_risk/CONUS13K_Cell_314919_AZ_WEIM_OnshoreWind_physical_risks.xlsx,False,0,False,0
314920,218,1000,35.5,-110.0,AZ,gs://infrasure-scr-data/onshore_wind/physical_risk/CONUS13K_Cell_314920_AZ_WEIM_OnshoreWind_physical_risks.xlsx,False,0,False,0
314921,218,1001,35.5,-109.75,AZ,gs://infrasure-scr-data/onshore_wind/physical_risk/CONUS13K_Cell_314921_AZ_WEIM_OnshoreWind_physical_risks.xlsx,False,0,False,0
314928,218,1008,35.5,-108.0,NM,gs://infrasure-scr-data/onshore_wind/physical_risk/CONUS13K_Cell_314928_NM_WEIM_OnshoreWind_physical_risks.xlsx,False,0,False,0
314930,218,1010,35.5,-107.5,NM,gs://infrasure-scr-data/onshore_wind/physical_risk/CONUS13K_Cell_314930_NM_WEIM_OnshoreWind_physical_risks.xlsx,False,0,False,0
314932,218,1012,35.5,-107.0,NM,gs://infrasure-scr-data/onshore_wind/physical_risk/CONUS13K_Cell_314932_NM_WEIM_OnshoreWind_physical_risks.xlsx,False,0,False,0
314936,218,1016,35.5,-106.0,NM,gs://infrasure-scr-data/onshore_wind/physical_risk/CONUS13K_Cell_314936_NM_WEIM_OnshoreWind_physical_risks.xlsx,False,0,False,0
314947,218,1027,35.5,-103.25,NM,gs://infrasure-scr-data/onshore_wind/physical_risk/CONUS13K_Cell_314947_NM_WEIM_OnshoreWind_physical_risks.xlsx,False,0,False,0
316322,219,962,35.25,-119.5,CA,gs://infrasure-scr-data/onshore_wind/physical_risk/CONUS13K_Cell_316322_CA_CAISO_OnshoreWind_physical_risks.xlsx,False,0,False,0
316330,219,970,35.25,-117.5,CA,gs://infrasure-scr-data/onshore_wind/physical_risk/CONUS13K_Cell_316330_CA_CAISO_OnshoreWind_physical_risks.xlsx,False,0,False,0
316332,219,972,35.25,-117.0,CA,gs://infrasure-scr-data/onshore_wind/physical_risk/CONUS13K_Cell_316332_CA_CAISO_OnshoreWind_physical_risks.xlsx,False,0,False,0
316333,219,973,35.25,-116.75,CA,gs://infrasure-scr-data/onshore_wind/physical_risk/CONUS13K_Cell_316333_CA_CAISO_OnshoreWind_physical_risks.xlsx,False,0,False,0
316335,219,975,35.25,-116.25,CA,gs://infrasure-scr-data/onshore_wind/physical_risk/CONUS13K_Cell_316335_CA_CAISO_OnshoreWind_physical_risks.xlsx,False,0,False,0
316336,219,976,35.25,-116.0,CA,gs://infrasure-scr-data/onshore_wind/physical_risk/CONUS13K_Cell_316336_CA_CAISO_OnshoreWind_physical_risks.xlsx,False,0,False,0
316342,219,982,35.25,-114.5,AZ,gs://infrasure-scr-data/onshore_wind/physical_risk/CONUS13K_Cell_316342_AZ_WEIM_OnshoreWind_physical_risks.xlsx,False,0,False,0
316348,219,988,35.25,-113.0,AZ,gs://infrasure-scr-data/onshore_wind/physical_risk/CONUS13K_Cell_316348_AZ_WEIM_OnshoreWind_physical_risks.xlsx,False,0,False,0
316350,219,990,35.25,-112.5,AZ,gs://infrasure-scr-data/onshore_wind/physical_risk/CONUS13K_Cell_316350_AZ_WEIM_OnshoreWind_physical_risks.xlsx,False,0,False,0
316355,219,995,35.25,-111.25,AZ,gs://infrasure-scr-data/onshore_wind/physical_risk/CONUS13K_Cell_316355_AZ_WEIM_OnshoreWind_physical_risks.xlsx,False,0,False,0
316357,219,997,35.25,-110.75,AZ,gs://infrasure-scr-data/onshore_wind/physical_risk/CONUS13K_Cell_316357_AZ_WEIM_OnshoreWind_physical_risks.xlsx,False,0,False,0
316358,219,998,35.25,-110.5,AZ,gs://infrasure-scr-data/onshore_wind/physical_risk/CONUS13K_Cell_316358_AZ_WEIM_OnshoreWind_physical_risks.xlsx,False,0,False,0
316359,219,999,35.25,-110.25,AZ,gs://infrasure-scr-data/onshore_wind/physical_risk/CONUS13K_Cell_316359_AZ_WEIM_OnshoreWind_physical_risks.xlsx,False,0,False,0
316360,219,1000,35.25,-110.0,AZ,gs://infrasure-scr-data/onshore_wind/physical_risk/CONUS13K_Cell_316360_AZ_WEIM_OnshoreWind_physical_risks.xlsx,False,0,False,0
316362,219,1002,35.25,-109.5,AZ,gs://infrasure-scr-data/onshore_wind/physical_risk/CONUS13K_Cell_316362_AZ_WEIM_OnshoreWind_physical_risks.xlsx,False,0,False,0
316363,219,1003,35.25,-109.25,AZ,gs://infrasure-scr-data/onshore_wind/physical_risk/CONUS13K_Cell_316363_AZ_WEIM_OnshoreWind_physical_risks.xlsx,False,0,False,0
316371,219,1011,35.25,-107.25,NM,gs://infrasure-scr-data/onshore_wind/physical_risk/CONUS13K_Cell_316371_NM_WEIM_OnshoreWind_physical_risks.xlsx,False,0,False,0
316372,219,1012,35.25,-107.0,NM,gs://infrasure-scr-data/onshore_wind/physical_risk/CONUS13K_Cell_316372_NM_WEIM_OnshoreWind_physical_risks.xlsx,False,0,False,0
316382,219,1022,35.25,-104.5,NM,gs://infrasure-scr-data/onshore_wind/physical_risk/CONUS13K_Cell_316382_NM_WEIM_OnshoreWind_physical_risks.xlsx,False,0,False,0
317768,220,968,35.0,-118.0,CA,gs://infrasure-scr-data/onshore_wind/physical_risk/CONUS13K_Cell_317768_CA_CAISO_OnshoreWind_physical_risks.xlsx,False,0,False,0
317769,220,969,35.0,-117.75,CA,gs://infrasure-scr-data/onshore_wind/physical_risk/CONUS13K_Cell_317769_CA_CAISO_OnshoreWind_physical_risks.xlsx,False,0,False,0
317770,220,970,35.0,-117.5,CA,gs://infrasure-scr-data/onshore_wind/physical_risk/CONUS13K_Cell_317770_CA_CAISO_OnshoreWind_physical_risks.xlsx,False,0,False,0
317771,220,971,35.0,-117.25,CA,gs://infrasure-scr-data/onshore_wind/physical_risk/CONUS13K_Cell_317771_CA_CAISO_OnshoreWind_physical_risks.xlsx,False,0,False,0
317772,220,972,35.0,-117.0,CA,gs://infrasure-scr-data/onshore_wind/physical_risk/CONUS13K_Cell_317772_CA_CAISO_OnshoreWind_physical_risks.xlsx,False,0,False,0
317774,220,974,35.0,-116.5,CA,gs://infrasure-scr-data/onshore_wind/physical_risk/CONUS13K_Cell_317774_CA_CAISO_OnshoreWind_physical_risks.xlsx,False,0,False,0
317776,220,976,35.0,-116.0,CA,gs://infrasure-scr-data/onshore_wind/physical_risk/CONUS13K_Cell_317776_CA_CAISO_OnshoreWind_physical_risks.xlsx,False,0,False,0
317780,220,980,35.0,-115.0,CA,gs://infrasure-scr-data/onshore_wind/physical_risk/CONUS13K_Cell_317780_CA_CAISO_OnshoreWind_physical_risks.xlsx,False,0,False,0
317781,220,981,35.0,-114.75,CA,gs://infrasure-scr-data/onshore_wind/physical_risk/CONUS13K_Cell_317781_CA_CAISO_OnshoreWind_physical_risks.xlsx,False,0,False,0
317782,220,982,35.0,-114.5,AZ,gs://infrasure-scr-data/onshore_wind/physical_risk/CONUS13K_Cell_317782_AZ_WEIM_OnshoreWind_physical_risks.xlsx,False,0,False,0
317796,220,996,35.0,-111.0,AZ,gs://infrasure-scr-data/onshore_wind/physical_risk/CONUS13K_Cell_317796_AZ_WEIM_OnshoreWind_physical_risks.xlsx,False,0,False,0
317798,220,998,35.0,-110.5,AZ,gs://infrasure-scr-data/onshore_wind/physical_risk/CONUS13K_Cell_317798_AZ_WEIM_OnshoreWind_physical_risks.xlsx,False,0,False,0
317799,220,999,35.0,-110.25,AZ,gs://infrasure-scr-data/onshore_wind/physical_risk/CONUS13K_Cell_317799_AZ_WEIM_OnshoreWind_physical_risks.xlsx,False,0,False,0
317800,220,1000,35.0,-110.0,AZ,gs://infrasure-scr-data/onshore_wind/physical_risk/CONUS13K_Cell_317800_AZ_WEIM_OnshoreWind_physical_risks.xlsx,False,0,False,0
317803,220,1003,35.0,-109.25,AZ,gs://infrasure-scr-data/onshore_wind/physical_risk/CONUS13K_Cell_317803_AZ_WEIM_OnshoreWind_physical_risks.xlsx,False,0,False,0
317804,220,1004,35.0,-109.0,NM,gs://infrasure-scr-data/onshore_wind/physical_risk/CONUS13K_Cell_317804_NM_WEIM_OnshoreWind_physical_risks.xlsx,False,0,False,0
317810,220,1010,35.0,-107.5,NM,gs://infrasure-scr-data/onshore_wind/physical_risk/CONUS13K_Cell_317810_NM_WEIM_OnshoreWind_physical_risks.xlsx,False,0,False,0
317811,220,1011,35.0,-107.25,NM,gs://infrasure-scr-data/onshore_wind/physical_risk/CONUS13K_Cell_317811_NM_WEIM_OnshoreWind_physical_risks.xlsx,False,0,False,0
317812,220,1012,35.0,-107.0,NM,gs://infrasure-scr-data/onshore_wind/physical_risk/CONUS13K_Cell_317812_NM_WEIM_OnshoreWind_physical_risks.xlsx,False,0,False,0
317813,220,1013,35.0,-106.75,NM,gs://infrasure-scr-data/onshore_wind/physical_risk/CONUS13K_Cell_317813_NM_WEIM_OnshoreWind_physical_risks.xlsx,False,0,False,0
317814,220,1014,35.0,-106.5,NM,gs://infrasure-scr-data/onshore_wind/physical_risk/CONUS13K_Cell_317814_NM_WEIM_OnshoreWind_physical_risks.xlsx,False,0,False,0
317817,220,1017,35.0,-105.75,NM,gs://infrasure-scr-data/onshore_wind/physical_risk/CONUS13K_Cell_317817_NM_WEIM_OnshoreWind_physical_risks.xlsx,False,0,False,0
317818,220,1018,35.0,-105.5,NM,gs://infrasure-scr-data/onshore_wind/physical_risk/CONUS13K_Cell_317818_NM_WEIM_OnshoreWind_physical_risks.xlsx,False,0,False,0
317819,220,1019,35.0,-105.25,NM,gs://infrasure-scr-data/onshore_wind/physical_risk/CONUS13K_Cell_317819_NM_WEIM_OnshoreWind_physical_risks.xlsx,False,0,False,0
317820,220,1020,35.0,-105.0,NM,gs://infrasure-scr-data/onshore_wind/physical_risk/CONUS13K_Cell_317820_NM_WEIM_OnshoreWind_physical_risks.xlsx,False,0,False,0
317828,220,1028,35.0,-103.0,TX,gs://infrasure-scr-data/onshore_wind/physical_risk/CONUS13K_Cell_317828_TX_ERCOT_OnshoreWind_physical_risks.xlsx,False,0,False,0
319209,221,969,34.75,-117.75,CA,gs://infrasure-scr-data/onshore_wind/physical_risk/CONUS13K_Cell_319209_CA_CAISO_OnshoreWind_physical_risks.xlsx,False,0,False,0
319211,221,971,34.75,-117.25,CA,gs://infrasure-scr-data/onshore_wind/physical_risk/CONUS13K_Cell_319211_CA_CAISO_OnshoreWind_physical_risks.xlsx,False,0,False,0
319214,221,974,34.75,-116.5,CA,gs://infrasure-scr-data/onshore_wind/physical_risk/CONUS13K_Cell_319214_CA_CAISO_OnshoreWind_physical_risks.xlsx,False,0,False,0
319217,221,977,34.75,-115.75,CA,gs://infrasure-scr-data/onshore_wind/physical_risk/CONUS13K_Cell_319217_CA_CAISO_OnshoreWind_physical_risks.xlsx,False,0,False,0
319218,221,978,34.75,-115.5,CA,gs://infrasure-scr-data/onshore_wind/physical_risk/CONUS13K_Cell_319218_CA_CAISO_OnshoreWind_physical_risks.xlsx,False,0,False,0
319220,221,980,34.75,-115.0,CA,gs://infrasure-scr-data/onshore_wind/physical_risk/CONUS13K_Cell_319220_CA_CAISO_OnshoreWind_physical_risks.xlsx,False,0,False,0
319221,221,981,34.75,-114.75,CA,gs://infrasure-scr-data/onshore_wind/physical_risk/CONUS13K_Cell_319221_CA_CAISO_OnshoreWind_physical_risks.xlsx,False,0,False,0
319223,221,983,34.75,-114.25,AZ,gs://infrasure-scr-data/onshore_wind/physical_risk/CONUS13K_Cell_319223_AZ_WEIM_OnshoreWind_physical_risks.xlsx,False,0,False,0
319238,221,998,34.75,-110.5,AZ,gs://infrasure-scr-data/onshore_wind/physical_risk/CONUS13K_Cell_319238_AZ_WEIM_OnshoreWind_physical_risks.xlsx,False,0,False,0
319239,221,999,34.75,-110.25,AZ,gs://infrasure-scr-data/onshore_wind/physical_risk/CONUS13K_Cell_319239_AZ_WEIM_OnshoreWind_physical_risks.xlsx,False,0,False,0
319241,221,1001,34.75,-109.75,AZ,gs://infrasure-scr-data/onshore_wind/physical_risk/CONUS13K_Cell_319241_AZ_WEIM_OnshoreWind_physical_risks.xlsx,False,0,False,0
319242,221,1002,34.75,-109.5,AZ,gs://infrasure-scr-data/onshore_wind/physical_risk/CONUS13K_Cell_319242_AZ_WEIM_OnshoreWind_physical_risks.xlsx,False,0,False,0
319243,221,1003,34.75,-109.25,AZ,gs://infrasure-scr-data/onshore_wind/physical_risk/CONUS13K_Cell_319243_AZ_WEIM_OnshoreWind_physical_risks.xlsx,False,0,False,0
319246,221,1006,34.75,-108.5,NM,gs://infrasure-scr-data/onshore_wind/physical_risk/CONUS13K_Cell_319246_NM_WEIM_OnshoreWind_physical_risks.xlsx,False,0,False,0
319250,221,1010,34.75,-107.5,NM,gs://infrasure-scr-data/onshore_wind/physical_risk/CONUS13K_Cell_319250_NM_WEIM_OnshoreWind_physical_risks.xlsx,False,0,False,0
319251,221,1011,34.75,-107.25,NM,gs://infrasure-scr-data/onshore_wind/physical_risk/CONUS13K_Cell_319251_NM_WEIM_OnshoreWind_physical_risks.xlsx,False,0,False,0
319252,221,1012,34.75,-107.0,NM,gs://infrasure-scr-data/onshore_wind/physical_risk/CONUS13K_Cell_319252_NM_WEIM_OnshoreWind_physical_risks.xlsx,False,0,False,0
319257,221,1017,34.75,-105.75,NM,gs://infrasure-scr-data/onshore_wind/physical_risk/CONUS13K_Cell_319257_NM_WEIM_OnshoreWind_physical_risks.xlsx,False,0,False,0
319259,221,1019,34.75,-105.25,NM,gs://infrasure-scr-data/onshore_wind/physical_risk/CONUS13K_Cell_319259_NM_WEIM_OnshoreWind_physical_risks.xlsx,False,0,False,0
320649,222,969,34.5,-117.75,CA,gs://infrasure-scr-data/onshore_wind/physical_risk/CONUS13K_Cell_320649_CA_CAISO_OnshoreWind_physical_risks.xlsx,False,0,False,0
320653,222,973,34.5,-116.75,CA,gs://infrasure-scr-data/onshore_wind/physical_risk/CONUS13K_Cell_320653_CA_CAISO_OnshoreWind_physical_risks.xlsx,False,0,False,0
320654,222,974,34.5,-116.5,CA,gs://infrasure-scr-data/onshore_wind/physical_risk/CONUS13K_Cell_320654_CA_CAISO_OnshoreWind_physical_risks.xlsx,False,0,False,0
320655,222,975,34.5,-116.25,CA,gs://infrasure-scr-data/onshore_wind/physical_risk/CONUS13K_Cell_320655_CA_CAISO_OnshoreWind_physical_risks.xlsx,False,0,False,0
320656,222,976,34.5,-116.0,CA,gs://infrasure-scr-data/onshore_wind/physical_risk/CONUS13K_Cell_320656_CA_CAISO_OnshoreWind_physical_risks.xlsx,False,0,False,0
320657,222,977,34.5,-115.75,CA,gs://infrasure-scr-data/onshore_wind/physical_risk/CONUS13K_Cell_320657_CA_CAISO_OnshoreWind_physical_risks.xlsx,False,0,False,0
320659,222,979,34.5,-115.25,CA,gs://infrasure-scr-data/onshore_wind/physical_risk/CONUS13K_Cell_320659_CA_CAISO_OnshoreWind_physical_risks.xlsx,False,0,False,0
320660,222,980,34.5,-115.0,CA,gs://infrasure-scr-data/onshore_wind/physical_risk/CONUS13K_Cell_320660_CA_CAISO_OnshoreWind_physical_risks.xlsx,False,0,False,0
320661,222,981,34.5,-114.75,CA,gs://infrasure-scr-data/onshore_wind/physical_risk/CONUS13K_Cell_320661_CA_CAISO_OnshoreWind_physical_risks.xlsx,False,0,False,0
320662,222,982,34.5,-114.5,CA,gs://infrasure-scr-data/onshore_wind/physical_risk/CONUS13K_Cell_320662_CA_CAISO_OnshoreWind_physical_risks.xlsx,False,0,False,0
320663,222,983,34.5,-114.25,AZ,gs://infrasure-scr-data/onshore_wind/physical_risk/CONUS13K_Cell_320663_AZ_WEIM_OnshoreWind_physical_risks.xlsx,False,0,False,0
320664,222,984,34.5,-114.0,AZ,gs://infrasure-scr-data/onshore_wind/physical_risk/CONUS13K_Cell_320664_AZ_WEIM_OnshoreWind_physical_risks.xlsx,False,0,False,0
320665,222,985,34.5,-113.75,AZ,gs://infrasure-scr-data/onshore_wind/physical_risk/CONUS13K_Cell_320665_AZ_WEIM_OnshoreWind_physical_risks.xlsx,False,0,False,0
320666,222,986,34.5,-113.5,AZ,gs://infrasure-scr-data/onshore_wind/physical_risk/CONUS13K_Cell_320666_AZ_WEIM_OnshoreWind_physical_risks.xlsx,False,0,False,0
320681,222,1001,34.5,-109.75,AZ,gs://infrasure-scr-data/onshore_wind/physical_risk/CONUS13K_Cell_320681_AZ_WEIM_OnshoreWind_physical_risks.xlsx,False,0,False,0
320682,222,1002,34.5,-109.5,AZ,gs://infrasure-scr-data/onshore_wind/physical_risk/CONUS13K_Cell_320682_AZ_WEIM_OnshoreWind_physical_risks.xlsx,False,0,False,0
320686,222,1006,34.5,-108.5,NM,gs://infrasure-scr-data/onshore_wind/physical_risk/CONUS13K_Cell_320686_NM_WEIM_OnshoreWind_physical_risks.xlsx,False,0,False,0
320687,222,1007,34.5,-108.25,NM,gs://infrasure-scr-data/onshore_wind/physical_risk/CONUS13K_Cell_320687_NM_WEIM_OnshoreWind_physical_risks.xlsx,False,0,False,0
320697,222,1017,34.5,-105.75,NM,gs://infrasure-scr-data/onshore_wind/physical_risk/CONUS13K_Cell_320697_NM_WEIM_OnshoreWind_physical_risks.xlsx,False,0,False,0
320698,222,1018,34.5,-105.5,NM,gs://infrasure-scr-data/onshore_wind/physical_risk/CONUS13K_Cell_320698_NM_WEIM_OnshoreWind_physical_risks.xlsx,False,0,False,0
320699,222,1019,34.5,-105.25,NM,gs://infrasure-scr-data/onshore_wind/physical_risk/CONUS13K_Cell_320699_NM_WEIM_OnshoreWind_physical_risks.xlsx,False,0,False,0
320702,222,1022,34.5,-104.5,NM,gs://infrasure-scr-data/onshore_wind/physical_risk/CONUS13K_Cell_320702_NM_WEIM_OnshoreWind_physical_risks.xlsx,False,0,False,0
322096,223,976,34.25,-116.0,CA,gs://infrasure-scr-data/onshore_wind/physical_risk/CONUS13K_Cell_322096_CA_CAISO_OnshoreWind_physical_risks.xlsx,False,0,False,0
322097,223,977,34.25,-115.75,CA,gs://infrasure-scr-data/onshore_wind/physical_risk/CONUS13K_Cell_322097_CA_CAISO_OnshoreWind_physical_risks.xlsx,False,0,False,0
322098,223,978,34.25,-115.5,CA,gs://infrasure-scr-data/onshore_wind/physical_risk/CONUS13K_Cell_322098_CA_CAISO_OnshoreWind_physical_risks.xlsx,False,0,False,0
322099,223,979,34.25,-115.25,CA,gs://infrasure-scr-data/onshore_wind/physical_risk/CONUS13K_Cell_322099_CA_CAISO_OnshoreWind_physical_risks.xlsx,False,0,False,0
322100,223,980,34.25,-115.0,CA,gs://infrasure-scr-data/onshore_wind/physical_risk/CONUS13K_Cell_322100_CA_CAISO_OnshoreWind_physical_risks.xlsx,False,0,False,0
322101,223,981,34.25,-114.75,CA,gs://infrasure-scr-data/onshore_wind/physical_risk/CONUS13K_Cell_322101_CA_CAISO_OnshoreWind_physical_risks.xlsx,False,0,False,0
322105,223,985,34.25,-113.75,AZ,gs://infrasure-scr-data/onshore_wind/physical_risk/CONUS13K_Cell_322105_AZ_WEIM_OnshoreWind_physical_risks.xlsx,False,0,False,0
322106,223,986,34.25,-113.5,AZ,gs://infrasure-scr-data/onshore_wind/physical_risk/CONUS13K_Cell_322106_AZ_WEIM_OnshoreWind_physical_risks.xlsx,False,0,False,0
322107,223,987,34.25,-113.25,AZ,gs://infrasure-scr-data/onshore_wind/physical_risk/CONUS13K_Cell_322107_AZ_WEIM_OnshoreWind_physical_risks.xlsx,False,0,False,0
322124,223,1004,34.25,-109.0,NM,gs://infrasure-scr-data/onshore_wind/physical_risk/CONUS13K_Cell_322124_NM_WEIM_OnshoreWind_physical_risks.xlsx,False,0,False,0
322125,223,1005,34.25,-108.75,NM,gs://infrasure-scr-data/onshore_wind/physical_risk/CONUS13K_Cell_322125_NM_WEIM_OnshoreWind_physical_risks.xlsx,False,0,False,0
322140,223,1020,34.25,-105.0,NM,gs://infrasure-scr-data/onshore_wind/physical_risk/CONUS13K_Cell_322140_NM_WEIM_OnshoreWind_physical_risks.xlsx,False,0,False,0
323537,224,977,34.0,-115.75,CA,gs://infrasure-scr-data/onshore_wind/physical_risk/CONUS13K_Cell_323537_CA_CAISO_OnshoreWind_physical_risks.xlsx,False,0,False,0
323538,224,978,34.0,-115.5,CA,gs://infrasure-scr-data/onshore_wind/physical_risk/CONUS13K_Cell_323538_CA_CAISO_OnshoreWind_physical_risks.xlsx,False,0,False,0
323539,224,979,34.0,-115.25,CA,gs://infrasure-scr-data/onshore_wind/physical_risk/CONUS13K_Cell_323539_CA_CAISO_OnshoreWind_physical_risks.xlsx,False,0,False,0
323540,224,980,34.0,-115.0,CA,gs://infrasure-scr-data/onshore_wind/physical_risk/CONUS13K_Cell_323540_CA_CAISO_OnshoreWind_physical_risks.xlsx,False,0,False,0
323541,224,981,34.0,-114.75,CA,gs://infrasure-scr-data/onshore_wind/physical_risk/CONUS13K_Cell_323541_CA_CAISO_OnshoreWind_physical_risks.xlsx,False,0,False,0
323569,224,1009,34.0,-107.75,NM,gs://infrasure-scr-data/onshore_wind/physical_risk/CONUS13K_Cell_323569_NM_WEIM_OnshoreWind_physical_risks.xlsx,False,0,False,0
323579,224,1019,34.0,-105.25,NM,gs://infrasure-scr-data/onshore_wind/physical_risk/CONUS13K_Cell_323579_NM_WEIM_OnshoreWind_physical_risks.xlsx,False,0,False,0
323580,224,1020,34.0,-105.0,NM,gs://infrasure-scr-data/onshore_wind/physical_risk/CONUS13K_Cell_323580_NM_WEIM_OnshoreWind_physical_risks.xlsx,False,0,False,0
323581,224,1021,34.0,-104.75,NM,gs://infrasure-scr-data/onshore_wind/physical_risk/CONUS13K_Cell_323581_NM_WEIM_OnshoreWind_physical_risks.xlsx,False,0,False,0
323584,224,1024,34.0,-104.0,NM,gs://infrasure-scr-data/onshore_wind/physical_risk/CONUS13K_Cell_323584_NM_WEIM_OnshoreWind_physical_risks.xlsx,False,0,False,0
324977,225,977,33.75,-115.75,CA,gs://infrasure-scr-data/onshore_wind/physical_risk/CONUS13K_Cell_324977_CA_CAISO_OnshoreWind_physical_risks.xlsx,False,0,False,0
324978,225,978,33.75,-115.5,CA,gs://infrasure-scr-data/onshore_wind/physical_risk/CONUS13K_Cell_324978_CA_CAISO_OnshoreWind_physical_risks.xlsx,False,0,False,0
324980,225,980,33.75,-115.0,CA,gs://infrasure-scr-data/onshore_wind/physical_risk/CONUS13K_Cell_324980_CA_CAISO_OnshoreWind_physical_risks.xlsx,False,0,False,0
325014,225,1014,33.75,-106.5,NM,gs://infrasure-scr-data/onshore_wind/physical_risk/CONUS13K_Cell_325014_NM_WEIM_OnshoreWind_physical_risks.xlsx,False,0,False,0
325015,225,1015,33.75,-106.25,NM,gs://infrasure-scr-data/onshore_wind/physical_risk/CONUS13K_Cell_325015_NM_WEIM_OnshoreWind_physical_risks.xlsx,False,0,False,0
325016,225,1016,33.75,-106.0,NM,gs://infrasure-scr-data/onshore_wind/physical_risk/CONUS13K_Cell_325016_NM_WEIM_OnshoreWind_physical_risks.xlsx,False,0,False,0
325020,225,1020,33.75,-105.0,NM,gs://infrasure-scr-data/onshore_wind/physical_risk/CONUS13K_Cell_325020_NM_WEIM_OnshoreWind_physical_risks.xlsx,False,0,False,0
326416,226,976,33.5,-116.0,CA,gs://infrasure-scr-data/onshore_wind/physical_risk/CONUS13K_Cell_326416_CA_CAISO_OnshoreWind_physical_risks.xlsx,False,0,False,0
326417,226,977,33.5,-115.75,CA,gs://infrasure-scr-data/onshore_wind/physical_risk/CONUS13K_Cell_326417_CA_CAISO_OnshoreWind_physical_risks.xlsx,False,0,False,0
326418,226,978,33.5,-115.5,CA,gs://infrasure-scr-data/onshore_wind/physical_risk/CONUS13K_Cell_326418_CA_CAISO_OnshoreWind_physical_risks.xlsx,False,0,False,0
326419,226,979,33.5,-115.25,CA,gs://infrasure-scr-data/onshore_wind/physical_risk/CONUS13K_Cell_326419_CA_CAISO_OnshoreWind_physical_risks.xlsx,False,0,False,0
326420,226,980,33.5,-115.0,CA,gs://infrasure-scr-data/onshore_wind/physical_risk/CONUS13K_Cell_326420_CA_CAISO_OnshoreWind_physical_risks.xlsx,False,0,False,0
326423,226,983,33.5,-114.25,AZ,gs://infrasure-scr-data/onshore_wind/physical_risk/CONUS13K_Cell_326423_AZ_WEIM_OnshoreWind_physical_risks.xlsx,False,0,False,0
326452,226,1012,33.5,-107.0,NM,gs://infrasure-scr-data/onshore_wind/physical_risk/CONUS13K_Cell_326452_NM_WEIM_OnshoreWind_physical_risks.xlsx,False,0,False,0
326453,226,1013,33.5,-106.75,NM,gs://infrasure-scr-data/onshore_wind/physical_risk/CONUS13K_Cell_326453_NM_WEIM_OnshoreWind_physical_risks.xlsx,False,0,False,0
326462,226,1022,33.5,-104.5,NM,gs://infrasure-scr-data/onshore_wind/physical_risk/CONUS13K_Cell_326462_NM_WEIM_OnshoreWind_physical_risks.xlsx,False,0,False,0
326466,226,1026,33.5,-103.5,NM,gs://infrasure-scr-data/onshore_wind/physical_risk/CONUS13K_Cell_326466_NM_WEIM_OnshoreWind_physical_risks.xlsx,False,0,False,0
326473,226,1033,33.5,-101.75,TX,gs://infrasure-scr-data/onshore_wind/physical_risk/CONUS13K_Cell_326473_TX_ERCOT_OnshoreWind_physical_risks.xlsx,False,0,False,0
327842,227,962,33.25,-119.5,CA,gs://infrasure-scr-data/onshore_wind/physical_risk/CONUS13K_Cell_327842_CA_CAISO_OnshoreWind_physical_risks.xlsx,False,0,False,0
327856,227,976,33.25,-116.0,CA,gs://infrasure-scr-data/onshore_wind/physical_risk/CONUS13K_Cell_327856_CA_CAISO_OnshoreWind_physical_risks.xlsx,False,0,False,0
327857,227,977,33.25,-115.75,CA,gs://infrasure-scr-data/onshore_wind/physical_risk/CONUS13K_Cell_327857_CA_CAISO_OnshoreWind_physical_risks.xlsx,False,0,False,0
327860,227,980,33.25,-115.0,CA,gs://infrasure-scr-data/onshore_wind/physical_risk/CONUS13K_Cell_327860_CA_CAISO_OnshoreWind_physical_risks.xlsx,False,0,False,0
327863,227,983,33.25,-114.25,AZ,gs://infrasure-scr-data/onshore_wind/physical_risk/CONUS13K_Cell_327863_AZ_WEIM_OnshoreWind_physical_risks.xlsx,False,0,False,0
327890,227,1010,33.25,-107.5,NM,gs://infrasure-scr-data/onshore_wind/physical_risk/CONUS13K_Cell_327890_NM_WEIM_OnshoreWind_physical_risks.xlsx,False,0,False,0
327892,227,1012,33.25,-107.0,NM,gs://infrasure-scr-data/onshore_wind/physical_risk/CONUS13K_Cell_327892_NM_WEIM_OnshoreWind_physical_risks.xlsx,False,0,False,0
327895,227,1015,33.25,-106.25,NM,gs://infrasure-scr-data/onshore_wind/physical_risk/CONUS13K_Cell_327895_NM_WEIM_OnshoreWind_physical_risks.xlsx,False,0,False,0
327906,227,1026,33.25,-103.5,NM,gs://infrasure-scr-data/onshore_wind/physical_risk/CONUS13K_Cell_327906_NM_WEIM_OnshoreWind_physical_risks.xlsx,False,0,False,0
329295,228,975,33.0,-116.25,CA,gs://infrasure-scr-data/onshore_wind/physical_risk/CONUS13K_Cell_329295_CA_CAISO_OnshoreWind_physical_risks.xlsx,False,0,False,0
329296,228,976,33.0,-116.0,CA,gs://infrasure-scr-data/onshore_wind/physical_risk/CONUS13K_Cell_329296_CA_CAISO_OnshoreWind_physical_risks.xlsx,False,0,False,0
329297,228,977,33.0,-115.75,CA,gs://infrasure-scr-data/onshore_wind/physical_risk/CONUS13K_Cell_329297_CA_CAISO_OnshoreWind_physical_risks.xlsx,False,0,False,0
329300,228,980,33.0,-115.0,CA,gs://infrasure-scr-data/onshore_wind/physical_risk/CONUS13K_Cell_329300_CA_CAISO_OnshoreWind_physical_risks.xlsx,False,0,False,0
329303,228,983,33.0,-114.25,AZ,gs://infrasure-scr-data/onshore_wind/physical_risk/CONUS13K_Cell_329303_AZ_WEIM_OnshoreWind_physical_risks.xlsx,False,0,False,0
329325,228,1005,33.0,-108.75,NM,gs://infrasure-scr-data/onshore_wind/physical_risk/CONUS13K_Cell_329325_NM_WEIM_OnshoreWind_physical_risks.xlsx,False,0,False,0
329333,228,1013,33.0,-106.75,NM,gs://infrasure-scr-data/onshore_wind/physical_risk/CONUS13K_Cell_329333_NM_WEIM_OnshoreWind_physical_risks.xlsx,False,0,False,0
329334,228,1014,33.0,-106.5,NM,gs://infrasure-scr-data/onshore_wind/physical_risk/CONUS13K_Cell_329334_NM_WEIM_OnshoreWind_physical_risks.xlsx,False,0,False,0
329346,228,1026,33.0,-103.5,NM,gs://infrasure-scr-data/onshore_wind/physical_risk/CONUS13K_Cell_329346_NM_WEIM_OnshoreWind_physical_risks.xlsx,False,0,False,0
329347,228,1027,33.0,-103.25,NM,gs://infrasure-scr-data/onshore_wind/physical_risk/CONUS13K_Cell_329347_NM_WEIM_OnshoreWind_physical_risks.xlsx,False,0,False,0
330751,229,991,32.75,-112.25,AZ,gs://infrasure-scr-data/onshore_wind/physical_risk/CONUS13K_Cell_330751_AZ_WEIM_OnshoreWind_physical_risks.xlsx,False,0,False,0
330762,229,1002,32.75,-109.5,AZ,gs://infrasure-scr-data/onshore_wind/physical_risk/CONUS13K_Cell_330762_AZ_WEIM_OnshoreWind_physical_risks.xlsx,False,0,False,0
330763,229,1003,32.75,-109.25,AZ,gs://infrasure-scr-data/onshore_wind/physical_risk/CONUS13K_Cell_330763_AZ_WEIM_OnshoreWind_physical_risks.xlsx,False,0,False,0
330764,229,1004,32.75,-109.0,NM,gs://infrasure-scr-data/onshore_wind/physical_risk/CONUS13K_Cell_330764_NM_WEIM_OnshoreWind_physical_risks.xlsx,False,0,False,0
330775,229,1015,32.75,-106.25,NM,gs://infrasure-scr-data/onshore_wind/physical_risk/CONUS13K_Cell_330775_NM_WEIM_OnshoreWind_physical_risks.xlsx,False,0,False,0
330776,229,1016,32.75,-106.0,NM,gs://infrasure-scr-data/onshore_wind/physical_risk/CONUS13K_Cell_330776_NM_WEIM_OnshoreWind_physical_risks.xlsx,False,0,False,0
330780,229,1020,32.75,-105.0,NM,gs://infrasure-scr-data/onshore_wind/physical_risk/CONUS13K_Cell_330780_NM_WEIM_OnshoreWind_physical_risks.xlsx,False,0,False,0
330786,229,1026,32.75,-103.5,NM,gs://infrasure-scr-data/onshore_wind/physical_risk/CONUS13K_Cell_330786_NM_WEIM_OnshoreWind_physical_risks.xlsx,False,0,False,0
330812,229,1052,32.75,-97.0,TX,gs://infrasure-scr-data/onshore_wind/physical_risk/CONUS13K_Cell_330812_TX_ERCOT_OnshoreWind_physical_risks.xlsx,False,0,False,0
332182,230,982,32.5,-114.5,AZ,gs://infrasure-scr-data/onshore_wind/physical_risk/CONUS13K_Cell_332182_AZ_WEIM_OnshoreWind_physical_risks.xlsx,False,0,False,0
332184,230,984,32.5,-114.0,AZ,gs://infrasure-scr-data/onshore_wind/physical_risk/CONUS13K_Cell_332184_AZ_WEIM_OnshoreWind_physical_risks.xlsx,False,0,False,0
332185,230,985,32.5,-113.75,AZ,gs://infrasure-scr-data/onshore_wind/physical_risk/CONUS13K_Cell_332185_AZ_WEIM_OnshoreWind_physical_risks.xlsx,False,0,False,0
332190,230,990,32.5,-112.5,AZ,gs://infrasure-scr-data/onshore_wind/physical_risk/CONUS13K_Cell_332190_AZ_WEIM_OnshoreWind_physical_risks.xlsx,False,0,False,0
332191,230,991,32.5,-112.25,AZ,gs://infrasure-scr-data/onshore_wind/physical_risk/CONUS13K_Cell_332191_AZ_WEIM_OnshoreWind_physical_risks.xlsx,False,0,False,0
332192,230,992,32.5,-112.0,AZ,gs://infrasure-scr-data/onshore_wind/physical_risk/CONUS13K_Cell_332192_AZ_WEIM_OnshoreWind_physical_risks.xlsx,False,0,False,0
332203,230,1003,32.5,-109.25,AZ,gs://infrasure-scr-data/onshore_wind/physical_risk/CONUS13K_Cell_332203_AZ_WEIM_OnshoreWind_physical_risks.xlsx,False,0,False,0
332207,230,1007,32.5,-108.25,NM,gs://infrasure-scr-data/onshore_wind/physical_risk/CONUS13K_Cell_332207_NM_WEIM_OnshoreWind_physical_risks.xlsx,False,0,False,0
332208,230,1008,32.5,-108.0,NM,gs://infrasure-scr-data/onshore_wind/physical_risk/CONUS13K_Cell_332208_NM_WEIM_OnshoreWind_physical_risks.xlsx,False,0,False,0
332209,230,1009,32.5,-107.75,NM,gs://infrasure-scr-data/onshore_wind/physical_risk/CONUS13K_Cell_332209_NM_WEIM_OnshoreWind_physical_risks.xlsx,False,0,False,0
332210,230,1010,32.5,-107.5,NM,gs://infrasure-scr-data/onshore_wind/physical_risk/CONUS13K_Cell_332210_NM_WEIM_OnshoreWind_physical_risks.xlsx,False,0,False,0
332225,230,1025,32.5,-103.75,NM,gs://infrasure-scr-data/onshore_wind/physical_risk/CONUS13K_Cell_332225_NM_WEIM_OnshoreWind_physical_risks.xlsx,False,0,False,0
333624,231,984,32.25,-114.0,AZ,gs://infrasure-scr-data/onshore_wind/physical_risk/CONUS13K_Cell_333624_AZ_WEIM_OnshoreWind_physical_risks.xlsx,False,0,False,0
333625,231,985,32.25,-113.75,AZ,gs://infrasure-scr-data/onshore_wind/physical_risk/CONUS13K_Cell_333625_AZ_WEIM_OnshoreWind_physical_risks.xlsx,False,0,False,0
333626,231,986,32.25,-113.5,AZ,gs://infrasure-scr-data/onshore_wind/physical_risk/CONUS13K_Cell_333626_AZ_WEIM_OnshoreWind_physical_risks.xlsx,False,0,False,0
333627,231,987,32.25,-113.25,AZ,gs://infrasure-scr-data/onshore_wind/physical_risk/CONUS13K_Cell_333627_AZ_WEIM_OnshoreWind_physical_risks.xlsx,False,0,False,0
333628,231,988,32.25,-113.0,AZ,gs://infrasure-scr-data/onshore_wind/physical_risk/CONUS13K_Cell_333628_AZ_WEIM_OnshoreWind_physical_risks.xlsx,False,0,False,0
333629,231,989,32.25,-112.75,AZ,gs://infrasure-scr-data/onshore_wind/physical_risk/CONUS13K_Cell_333629_AZ_WEIM_OnshoreWind_physical_risks.xlsx,False,0,False,0
333630,231,990,32.25,-112.5,AZ,gs://infrasure-scr-data/onshore_wind/physical_risk/CONUS13K_Cell_333630_AZ_WEIM_OnshoreWind_physical_risks.xlsx,False,0,False,0
333631,231,991,32.25,-112.25,AZ,gs://infrasure-scr-data/onshore_wind/physical_risk/CONUS13K_Cell_333631_AZ_WEIM_OnshoreWind_physical_risks.xlsx,False,0,False,0
333632,231,992,32.25,-112.0,AZ,gs://infrasure-scr-data/onshore_wind/physical_risk/CONUS13K_Cell_333632_AZ_WEIM_OnshoreWind_physical_risks.xlsx,False,0,False,0
333633,231,993,32.25,-111.75,AZ,gs://infrasure-scr-data/onshore_wind/physical_risk/CONUS13K_Cell_333633_AZ_WEIM_OnshoreWind_physical_risks.xlsx,False,0,False,0
333651,231,1011,32.25,-107.25,NM,gs://infrasure-scr-data/onshore_wind/physical_risk/CONUS13K_Cell_333651_NM_WEIM_OnshoreWind_physical_risks.xlsx,False,0,False,0
333659,231,1019,32.25,-105.25,NM,gs://infrasure-scr-data/onshore_wind/physical_risk/CONUS13K_Cell_333659_NM_WEIM_OnshoreWind_physical_risks.xlsx,False,0,False,0
335068,232,988,32.0,-113.0,AZ,gs://infrasure-scr-data/onshore_wind/physical_risk/CONUS13K_Cell_335068_AZ_WEIM_OnshoreWind_physical_risks.xlsx,False,0,False,0
335070,232,990,32.0,-112.5,AZ,gs://infrasure-scr-data/onshore_wind/physical_risk/CONUS13K_Cell_335070_AZ_WEIM_OnshoreWind_physical_risks.xlsx,False,0,False,0
335071,232,991,32.0,-112.25,AZ,gs://infrasure-scr-data/onshore_wind/physical_risk/CONUS13K_Cell_335071_AZ_WEIM_OnshoreWind_physical_risks.xlsx,False,0,False,0
335072,232,992,32.0,-112.0,AZ,gs://infrasure-scr-data/onshore_wind/physical_risk/CONUS13K_Cell_335072_AZ_WEIM_OnshoreWind_physical_risks.xlsx,False,0,False,0
335087,232,1007,32.0,-108.25,NM,gs://infrasure-scr-data/onshore_wind/physical_risk/CONUS13K_Cell_335087_NM_WEIM_OnshoreWind_physical_risks.xlsx,False,0,False,0
335088,232,1008,32.0,-108.0,NM,gs://infrasure-scr-data/onshore_wind/physical_risk/CONUS13K_Cell_335088_NM_WEIM_OnshoreWind_physical_risks.xlsx,False,0,False,0
335089,232,1009,32.0,-107.75,NM,gs://infrasure-scr-data/onshore_wind/physical_risk/CONUS13K_Cell_335089_NM_WEIM_OnshoreWind_physical_risks.xlsx,False,0,False,0
335090,232,1010,32.0,-107.5,NM,gs://infrasure-scr-data/onshore_wind/physical_risk/CONUS13K_Cell_335090_NM_WEIM_OnshoreWind_physical_risks.xlsx,False,0,False,0
335092,232,1012,32.0,-107.0,NM,gs://infrasure-scr-data/onshore_wind/physical_risk/CONUS13K_Cell_335092_NM_WEIM_OnshoreWind_physical_risks.xlsx,False,0,False,0
335097,232,1017,32.0,-105.75,NM,gs://infrasure-scr-data/onshore_wind/physical_risk/CONUS13K_Cell_335097_NM_WEIM_OnshoreWind_physical_risks.xlsx,False,0,False,0
335099,232,1019,32.0,-105.25,NM,gs://infrasure-scr-data/onshore_wind/physical_risk/CONUS13K_Cell_335099_NM_WEIM_OnshoreWind_physical_risks.xlsx,False,0,False,0
336511,233,991,31.75,-112.25,AZ,gs://infrasure-scr-data/onshore_wind/physical_risk/CONUS13K_Cell_336511_AZ_WEIM_OnshoreWind_physical_risks.xlsx,False,0,False,0
336512,233,992,31.75,-112.0,AZ,gs://infrasure-scr-data/onshore_wind/physical_risk/CONUS13K_Cell_336512_AZ_WEIM_OnshoreWind_physical_risks.xlsx,False,0,False,0
336527,233,1007,31.75,-108.25,NM,gs://infrasure-scr-data/onshore_wind/physical_risk/CONUS13K_Cell_336527_NM_WEIM_OnshoreWind_physical_risks.xlsx,False,0,False,0
336536,233,1016,31.75,-106.0,TX,gs://infrasure-scr-data/onshore_wind/physical_risk/CONUS13K_Cell_336536_TX_ERCOT_OnshoreWind_physical_risks.xlsx,False,0,False,0
336537,233,1017,31.75,-105.75,TX,gs://infrasure-scr-data/onshore_wind/physical_risk/CONUS13K_Cell_336537_TX_ERCOT_OnshoreWind_physical_risks.xlsx,False,0,False,0
336539,233,1019,31.75,-105.25,TX,gs://infrasure-scr-data/onshore_wind/physical_risk/CONUS13K_Cell_336539_TX_ERCOT_OnshoreWind_physical_risks.xlsx,False,0,False,0
336542,233,1022,31.75,-104.5,TX,gs://infrasure-scr-data/onshore_wind/physical_risk/CONUS13K_Cell_336542_TX_ERCOT_OnshoreWind_physical_risks.xlsx,False,0,False,0
336543,233,1023,31.75,-104.25,TX,gs://infrasure-scr-data/onshore_wind/physical_risk/CONUS13K_Cell_336543_TX_ERCOT_OnshoreWind_physical_risks.xlsx,False,0,False,0
336546,233,1026,31.75,-103.5,TX,gs://infrasure-scr-data/onshore_wind/physical_risk/CONUS13K_Cell_336546_TX_ERCOT_OnshoreWind_physical_risks.xlsx,False,0,False,0
337977,234,1017,31.5,-105.75,TX,gs://infrasure-scr-data/onshore_wind/physical_risk/CONUS13K_Cell_337977_TX_ERCOT_OnshoreWind_physical_risks.xlsx,False,0,False,0
337978,234,1018,31.5,-105.5,TX,gs://infrasure-scr-data/onshore_wind/physical_risk/CONUS13K_Cell_337978_TX_ERCOT_OnshoreWind_physical_risks.xlsx,False,0,False,0
337979,234,1019,31.5,-105.25,TX,gs://infrasure-scr-data/onshore_wind/physical_risk/CONUS13K_Cell_337979_TX_ERCOT_OnshoreWind_physical_risks.xlsx,False,0,False,0
337980,234,1020,31.5,-105.0,TX,gs://infrasure-scr-data/onshore_wind/physical_risk/CONUS13K_Cell_337980_TX_ERCOT_OnshoreWind_physical_risks.xlsx,False,0,False,0
337981,234,1021,31.5,-104.75,TX,gs://infrasure-scr-data/onshore_wind/physical_risk/CONUS13K_Cell_337981_TX_ERCOT_OnshoreWind_physical_risks.xlsx,False,0,False,0
337982,234,1022,31.5,-104.5,TX,gs://infrasure-scr-data/onshore_wind/physical_risk/CONUS13K_Cell_337982_TX_ERCOT_OnshoreWind_physical_risks.xlsx,False,0,False,0
337983,234,1023,31.5,-104.25,TX,gs://infrasure-scr-data/onshore_wind/physical_risk/CONUS13K_Cell_337983_TX_ERCOT_OnshoreWind_physical_risks.xlsx,False,0,False,0
337985,234,1025,31.5,-103.75,TX,gs://infrasure-scr-data/onshore_wind/physical_risk/CONUS13K_Cell_337985_TX_ERCOT_OnshoreWind_physical_risks.xlsx,False,0,False,0
339418,235,1018,31.25,-105.5,TX,gs://infrasure-scr-data/onshore_wind/physical_risk/CONUS13K_Cell_339418_TX_ERCOT_OnshoreWind_physical_risks.xlsx,False,0,False,0
339419,235,1019,31.25,-105.25,TX,gs://infrasure-scr-data/onshore_wind/physical_risk/CONUS13K_Cell_339419_TX_ERCOT_OnshoreWind_physical_risks.xlsx,False,0,False,0
339420,235,1020,31.25,-105.0,TX,gs://infrasure-scr-data/onshore_wind/physical_risk/CONUS13K_Cell_339420_TX_ERCOT_OnshoreWind_physical_risks.xlsx,False,0,False,0
339421,235,1021,31.25,-104.75,TX,gs://infrasure-scr-data/onshore_wind/physical_risk/CONUS13K_Cell_339421_TX_ERCOT_OnshoreWind_physical_risks.xlsx,False,0,False,0
340860,236,1020,31.0,-105.0,TX,gs://infrasure-scr-data/onshore_wind/physical_risk/CONUS13K_Cell_340860_TX_ERCOT_OnshoreWind_physical_risks.xlsx,False,0,False,0
340870,236,1030,31.0,-102.5,TX,gs://infrasure-scr-data/onshore_wind/physical_risk/CONUS13K_Cell_340870_TX_ERCOT_OnshoreWind_physical_risks.xlsx,False,0,False,0
340873,236,1033,31.0,-101.75,TX,gs://infrasure-scr-data/onshore_wind/physical_risk/CONUS13K_Cell_340873_TX_ERCOT_OnshoreWind_physical_risks.xlsx,False,0,False,0
342301,237,1021,30.75,-104.75,TX,gs://infrasure-scr-data/onshore_wind/physical_risk/CONUS13K_Cell_342301_TX_ERCOT_OnshoreWind_physical_risks.xlsx,False,0,False,0
342309,237,1029,30.75,-102.75,TX,gs://infrasure-scr-data/onshore_wind/physical_risk/CONUS13K_Cell_342309_TX_ERCOT_OnshoreWind_physical_risks.xlsx,False,0,False,0
345184,239,1024,30.25,-104.0,TX,gs://infrasure-scr-data/onshore_wind/physical_risk/CONUS13K_Cell_345184_TX_ERCOT_OnshoreWind_physical_risks.xlsx,False,0,False,0
345257,239,1097,30.25,-85.75,FL,gs://infrasure-scr-data/onshore_wind/physical_risk/CONUS13K_Cell_345257_FL_Non-ISO_FRCC_OnshoreWind_physical_risks.xlsx,False,8,False,0
346628,240,1028,30.0,-103.0,TX,gs://infrasure-scr-data/onshore_wind/physical_risk/CONUS13K_Cell_346628_TX_ERCOT_OnshoreWind_physical_risks.xlsx,False,0,False,0
346630,240,1030,30.0,-102.5,TX,gs://infrasure-scr-data/onshore_wind/physical_risk/CONUS13K_Cell_346630_TX_ERCOT_OnshoreWind_physical_risks.xlsx,False,0,False,0
346632,240,1032,30.0,-102.0,TX,gs://infrasure-scr-data/onshore_wind/physical_risk/CONUS13K_Cell_346632_TX_ERCOT_OnshoreWind_physical_risks.xlsx,False,0,False,0
346633,240,1033,30.0,-101.75,TX,gs://infrasure-scr-data/onshore_wind/physical_risk/CONUS13K_Cell_346633_TX_ERCOT_OnshoreWind_physical_risks.xlsx,False,0,False,0
348063,241,1023,29.75,-104.25,TX,gs://infrasure-scr-data/onshore_wind/physical_risk/CONUS13K_Cell_348063_TX_ERCOT_OnshoreWind_physical_risks.xlsx,False,0,False,0
348064,241,1024,29.75,-104.0,TX,gs://infrasure-scr-data/onshore_wind/physical_risk/CONUS13K_Cell_348064_TX_ERCOT_OnshoreWind_physical_risks.xlsx,False,0,False,0
348065,241,1025,29.75,-103.75,TX,gs://infrasure-scr-data/onshore_wind/physical_risk/CONUS13K_Cell_348065_TX_ERCOT_OnshoreWind_physical_risks.xlsx,False,0,False,0
348066,241,1026,29.75,-103.5,TX,gs://infrasure-scr-data/onshore_wind/physical_risk/CONUS13K_Cell_348066_TX_ERCOT_OnshoreWind_physical_risks.xlsx,False,0,False,0
348067,241,1027,29.75,-103.25,TX,gs://infrasure-scr-data/onshore_wind/physical_risk/CONUS13K_Cell_348067_TX_ERCOT_OnshoreWind_physical_risks.xlsx,False,0,False,0
348068,241,1028,29.75,-103.0,TX,gs://infrasure-scr-data/onshore_wind/physical_risk/CONUS13K_Cell_348068_TX_ERCOT_OnshoreWind_physical_risks.xlsx,False,0,False,0
348075,241,1035,29.75,-101.25,TX,gs://infrasure-scr-data/onshore_wind/physical_risk/CONUS13K_Cell_348075_TX_ERCOT_OnshoreWind_physical_risks.xlsx,False,0,False,0
349504,242,1024,29.5,-104.0,TX,gs://infrasure-scr-data/onshore_wind/physical_risk/CONUS13K_Cell_349504_TX_ERCOT_OnshoreWind_physical_risks.xlsx,False,0,False,0
349505,242,1025,29.5,-103.75,TX,gs://infrasure-scr-data/onshore_wind/physical_risk/CONUS13K_Cell_349505_TX_ERCOT_OnshoreWind_physical_risks.xlsx,False,0,False,0
349506,242,1026,29.5,-103.5,TX,gs://infrasure-scr-data/onshore_wind/physical_risk/CONUS13K_Cell_349506_TX_ERCOT_OnshoreWind_physical_risks.xlsx,False,0,False,0
349507,242,1027,29.5,-103.25,TX,gs://infrasure-scr-data/onshore_wind/physical_risk/CONUS13K_Cell_349507_TX_ERCOT_OnshoreWind_physical_risks.xlsx,False,0,False,0
350945,243,1025,29.25,-103.75,TX,gs://infrasure-scr-data/onshore_wind/physical_risk/CONUS13K_Cell_350945_TX_ERCOT_OnshoreWind_physical_risks.xlsx,False,0,False,0
355295,246,1055,28.5,-96.25,TX,gs://infrasure-scr-data/onshore_wind/physical_risk/CONUS13K_Cell_355295_TX_ERCOT_OnshoreWind_physical_risks.xlsx,False,0,False,5
355357,246,1117,28.5,-80.75,FL,gs://infrasure-scr-data/onshore_wind/physical_risk/CONUS13K_Cell_355357_FL_Non-ISO_FRCC_OnshoreWind_physical_risks.xlsx,False,4,False,4
363997,252,1117,27.0,-80.75,FL,gs://infrasure-scr-data/onshore_wind/physical_risk/CONUS13K_Cell_363997_FL_Non-ISO_FRCC_OnshoreWind_physical_risks.xlsx,False,6,False,4
